table,column,dtype,role,description,unit,source,derived,missing_value_semantics,model_input_allowed
features,incident_id,object,Fire-Day key,Stable normalized incident identifier used to group Fire-Days and create incident-disjoint data splits.,not applicable,"ICS-209-PLUS incident situation reports, after deterministic same-day collapse",no,Blank means the provenance or identifying value was not supplied by the source; it is not interpreted as zero.,no
features,fire_day_date,object,Fire-Day key,Local calendar date represented by the collapsed incident-day record.,date (YYYY-MM-DD),"ICS-209-PLUS incident situation reports, after deterministic same-day collapse",no,Blank means the provenance or identifying value was not supplied by the source; it is not interpreted as zero.,no
features,source_row_id,int64,provenance metadata,ICS-209-PLUS source-row index retained as the representative row for this Fire-Day.,not applicable,"ICS-209-PLUS incident situation reports, after deterministic same-day collapse",no,Blank means the provenance or identifying value was not supplied by the source; it is not interpreted as zero.,no
features,source_row_ids,object,provenance metadata,"Pipe-delimited source-row indexes of all same-incident, same-day reports collapsed into this Fire-Day.",not applicable,"ICS-209-PLUS incident situation reports, after deterministic same-day collapse",yes,Blank means the provenance or identifying value was not supplied by the source; it is not interpreted as zero.,no
features,source_report_id,string,provenance metadata,ICS-209 report identifier retained for provenance of the collapsed Fire-Day; it is not a predictive feature.,not applicable,"ICS-209-PLUS incident situation reports, after deterministic same-day collapse",yes,Blank means the provenance or identifying value was not supplied by the source; it is not interpreted as zero.,no
features,source_report_ids,string,provenance metadata,Pipe-delimited ICS-209 report identifiers contributing to the collapsed Fire-Day.,not applicable,"ICS-209-PLUS incident situation reports, after deterministic same-day collapse",yes,Blank means the provenance or identifying value was not supplied by the source; it is not interpreted as zero.,no
features,source_report_count,int64,provenance metadata,"Number of same-incident, same-day source reports collapsed into the Fire-Day.",count,"ICS-209-PLUS incident situation reports, after deterministic same-day collapse",yes,Blank means the provenance or identifying value was not supplied by the source; it is not interpreted as zero.,no
features,personnel_source_report_id,string,provenance metadata,Source report identifier from which the retained total_personnel value was selected.,not applicable,"ICS-209-PLUS incident situation reports, after deterministic same-day collapse",yes,Blank means the provenance or identifying value was not supplied by the source; it is not interpreted as zero.,no
features,cost_source_report_id,string,provenance metadata,Source report identifier from which the retained cumulative cost value was selected.,not applicable,"ICS-209-PLUS incident situation reports, after deterministic same-day collapse",yes,Blank means the provenance or identifying value was not supplied by the source; it is not interpreted as zero.,no
features,aerial_source_report_id,string,provenance metadata,Source report identifier from which the retained total_aerial value was selected.,not applicable,"ICS-209-PLUS incident situation reports, after deterministic same-day collapse",yes,Blank means the provenance or identifying value was not supplied by the source; it is not interpreted as zero.,no
features,same_day_collapse_status,object,provenance metadata,Same-day consolidation method: single_report or latest_valid_fieldwise when multiple reports were combined.,not applicable,"ICS-209-PLUS incident situation reports, after deterministic same-day collapse",yes,Blank means the provenance or identifying value was not supplied by the source; it is not interpreted as zero.,no
features,report_to_timestamp,object,provenance metadata,Report-to date and time of the representative source report for the Fire-Day.,timestamp,"ICS-209-PLUS incident situation reports, after deterministic same-day collapse",no,Blank means the provenance or identifying value was not supplied by the source; it is not interpreted as zero.,no
features,acres,float64,current/backward-derived model feature,"Current incident area in acres, populated only when the source area unit is Acres.",acres,"ICS-209-PLUS incident situation reports, after deterministic same-day collapse",yes,Blank/NA means no usable value was reported or matched for this Fire-Day; it is not interpreted as zero.,yes
features,addntl_fuel_model,object,current Fire-Day model feature,Additional fuel-model description reported in the ICS-209 situation report.,not applicable,"ICS-209-PLUS incident situation reports, after deterministic same-day collapse",no,Blank/NA means no usable value was reported or matched for this Fire-Day; it is not interpreted as zero.,yes
features,area_closure_flag,object,current Fire-Day model feature,Indicator that an area closure was reported for the incident.,boolean,"ICS-209-PLUS incident situation reports, after deterministic same-day collapse",no,Blank/NA means no usable value was reported or matched for this Fire-Day; it is not interpreted as zero.,yes
features,cause,object,current Fire-Day model feature,Reported incident-cause code from ICS-209-PLUS.,not applicable,"ICS-209-PLUS incident situation reports, after deterministic same-day collapse",no,Blank/NA means no usable value was reported or matched for this Fire-Day; it is not interpreted as zero.,yes
features,complex,object,current Fire-Day model feature,Indicator that the incident record represents or belongs to a fire complex.,boolean,"ICS-209-PLUS incident situation reports, after deterministic same-day collapse",no,Blank/NA means no usable value was reported or matched for this Fire-Day; it is not interpreted as zero.,yes
features,complex_name,object,provenance metadata,Reported name of the fire complex associated with the incident.,not applicable,"ICS-209-PLUS incident situation reports, after deterministic same-day collapse",no,Blank means the provenance or identifying value was not supplied by the source; it is not interpreted as zero.,no
features,curr_incident_area,float64,current Fire-Day model feature,As-reported current incident area in the source report's original unit.,source-defined area unit,"ICS-209-PLUS incident situation reports, after deterministic same-day collapse",no,Blank/NA means no usable value was reported or matched for this Fire-Day; it is not interpreted as zero.,yes
features,curr_inc_area_uom,object,current Fire-Day model feature,Unit of measure associated with curr_incident_area.,unit label,"ICS-209-PLUS incident situation reports, after deterministic same-day collapse",no,Blank/NA means no usable value was reported or matched for this Fire-Day; it is not interpreted as zero.,yes
features,cy,int64,current Fire-Day model feature,Calendar year recorded in the source ICS-209-PLUS record.,not applicable,"ICS-209-PLUS incident situation reports, after deterministic same-day collapse",no,Blank/NA means no usable value was reported or matched for this Fire-Day; it is not interpreted as zero.,yes
features,discovery_date,object,provenance metadata,Reported date on which the incident was discovered.,date (YYYY-MM-DD),"ICS-209-PLUS incident situation reports, after deterministic same-day collapse",no,Blank means the provenance or identifying value was not supplied by the source; it is not interpreted as zero.,no
features,dispatch_priority,float64,current Fire-Day model feature,Local dispatch-priority ranking reported for the incident.,not applicable,"ICS-209-PLUS incident situation reports, after deterministic same-day collapse",no,Blank/NA means no usable value was reported or matched for this Fire-Day; it is not interpreted as zero.,yes
features,est_im_cost_to_date,float64,current Fire-Day model feature,As-reported cumulative incident-management cost to date; no retrospective repair is applied.,USD,"ICS-209-PLUS incident situation reports, after deterministic same-day collapse",no,Blank/NA means no usable value was reported or matched for this Fire-Day; it is not interpreted as zero.,yes
features,evacuation_in_progress,object,current Fire-Day model feature,Indicator that an evacuation was in progress at the time of the report.,boolean,"ICS-209-PLUS incident situation reports, after deterministic same-day collapse",no,Blank/NA means no usable value was reported or matched for this Fire-Day; it is not interpreted as zero.,yes
features,fatalities,float64,current Fire-Day model feature,Number of fatalities reported for the incident in the source report.,count,"ICS-209-PLUS incident situation reports, after deterministic same-day collapse",no,Blank/NA means no usable value was reported or matched for this Fire-Day; it is not interpreted as zero.,yes
features,fb_active,object,current Fire-Day model feature,Indicator that the source situation report identified active fire behavior.,not applicable,"ICS-209-PLUS incident situation reports, after deterministic same-day collapse",no,Blank/NA means no usable value was reported or matched for this Fire-Day; it is not interpreted as zero.,yes
features,fb_backing,object,current Fire-Day model feature,Indicator that the source situation report identified backing fire behavior.,not applicable,"ICS-209-PLUS incident situation reports, after deterministic same-day collapse",no,Blank/NA means no usable value was reported or matched for this Fire-Day; it is not interpreted as zero.,yes
features,fb_creeping,object,current Fire-Day model feature,Indicator that the source situation report identified creeping fire behavior.,not applicable,"ICS-209-PLUS incident situation reports, after deterministic same-day collapse",no,Blank/NA means no usable value was reported or matched for this Fire-Day; it is not interpreted as zero.,yes
features,fb_crowning,object,current Fire-Day model feature,Indicator that the source situation report identified crowning fire behavior.,not applicable,"ICS-209-PLUS incident situation reports, after deterministic same-day collapse",no,Blank/NA means no usable value was reported or matched for this Fire-Day; it is not interpreted as zero.,yes
features,fb_extreme,object,current Fire-Day model feature,Indicator that the source situation report identified extreme fire behavior.,not applicable,"ICS-209-PLUS incident situation reports, after deterministic same-day collapse",no,Blank/NA means no usable value was reported or matched for this Fire-Day; it is not interpreted as zero.,yes
features,fb_flanking,object,current Fire-Day model feature,Indicator that the source situation report identified flanking fire behavior.,not applicable,"ICS-209-PLUS incident situation reports, after deterministic same-day collapse",no,Blank/NA means no usable value was reported or matched for this Fire-Day; it is not interpreted as zero.,yes
features,fb_minimal,object,current Fire-Day model feature,Indicator that the source situation report identified minimal fire behavior.,not applicable,"ICS-209-PLUS incident situation reports, after deterministic same-day collapse",no,Blank/NA means no usable value was reported or matched for this Fire-Day; it is not interpreted as zero.,yes
features,fb_moderate,object,current Fire-Day model feature,Indicator that the source situation report identified moderate fire behavior.,not applicable,"ICS-209-PLUS incident situation reports, after deterministic same-day collapse",no,Blank/NA means no usable value was reported or matched for this Fire-Day; it is not interpreted as zero.,yes
features,fb_running,object,current Fire-Day model feature,Indicator that the source situation report identified running fire behavior.,not applicable,"ICS-209-PLUS incident situation reports, after deterministic same-day collapse",no,Blank/NA means no usable value was reported or matched for this Fire-Day; it is not interpreted as zero.,yes
features,fb_smoldering,object,current Fire-Day model feature,Indicator that the source situation report identified smoldering fire behavior.,not applicable,"ICS-209-PLUS incident situation reports, after deterministic same-day collapse",no,Blank/NA means no usable value was reported or matched for this Fire-Day; it is not interpreted as zero.,yes
features,fb_spotting,object,current Fire-Day model feature,Indicator that the source situation report identified spotting fire behavior.,not applicable,"ICS-209-PLUS incident situation reports, after deterministic same-day collapse",no,Blank/NA means no usable value was reported or matched for this Fire-Day; it is not interpreted as zero.,yes
features,fb_torching,object,current Fire-Day model feature,Indicator that the source situation report identified torching fire behavior.,not applicable,"ICS-209-PLUS incident situation reports, after deterministic same-day collapse",no,Blank/NA means no usable value was reported or matched for this Fire-Day; it is not interpreted as zero.,yes
features,fb_wind_driven,object,current Fire-Day model feature,Indicator that the source situation report identified wind driven fire behavior.,not applicable,"ICS-209-PLUS incident situation reports, after deterministic same-day collapse",no,Blank/NA means no usable value was reported or matched for this Fire-Day; it is not interpreted as zero.,yes
features,fire_behavior_1,object,current Fire-Day model feature,Primary fire-behavior descriptor reported in the source situation report.,not applicable,"ICS-209-PLUS incident situation reports, after deterministic same-day collapse",no,Blank/NA means no usable value was reported or matched for this Fire-Day; it is not interpreted as zero.,yes
features,fire_behavior_2,object,current Fire-Day model feature,Secondary fire-behavior descriptor reported in the source situation report.,not applicable,"ICS-209-PLUS incident situation reports, after deterministic same-day collapse",no,Blank/NA means no usable value was reported or matched for this Fire-Day; it is not interpreted as zero.,yes
features,fire_behavior_3,object,current Fire-Day model feature,Tertiary fire-behavior descriptor reported in the source situation report.,not applicable,"ICS-209-PLUS incident situation reports, after deterministic same-day collapse",no,Blank/NA means no usable value was reported or matched for this Fire-Day; it is not interpreted as zero.,yes
features,fire_event_id,object,provenance metadata,Fire-event linkage identifier supplied by the source data.,not applicable,"ICS-209-PLUS incident situation reports, after deterministic same-day collapse",no,Blank means the provenance or identifying value was not supplied by the source; it is not interpreted as zero.,no
features,fod_poo_latitude,float64,current Fire-Day model feature,Fire Occurrence Database point-of-origin latitude linked to the incident.,decimal degrees,"ICS-209-PLUS incident situation reports, after deterministic same-day collapse",no,Blank/NA means no usable value was reported or matched for this Fire-Day; it is not interpreted as zero.,yes
features,fod_poo_longitude,float64,current Fire-Day model feature,Fire Occurrence Database point-of-origin longitude linked to the incident.,decimal degrees,"ICS-209-PLUS incident situation reports, after deterministic same-day collapse",no,Blank/NA means no usable value was reported or matched for this Fire-Day; it is not interpreted as zero.,yes
features,fuel_model,object,current Fire-Day model feature,Primary fuel-model description reported for the incident.,not applicable,"ICS-209-PLUS incident situation reports, after deterministic same-day collapse",no,Blank/NA means no usable value was reported or matched for this Fire-Day; it is not interpreted as zero.,yes
features,gacc_priority,object,current Fire-Day model feature,Geographic Area Coordination Center priority ranking reported for the incident.,not applicable,"ICS-209-PLUS incident situation reports, after deterministic same-day collapse",no,Blank/NA means no usable value was reported or matched for this Fire-Day; it is not interpreted as zero.,yes
features,gen_fire_behavior,object,current Fire-Day model feature,"General fire-behavior category reported for the incident, such as minimal, moderate, active, or extreme.",not applicable,"ICS-209-PLUS incident situation reports, after deterministic same-day collapse",no,Blank/NA means no usable value was reported or matched for this Fire-Day; it is not interpreted as zero.,yes
features,growth_potential,object,current Fire-Day model feature,Reported categorical potential for additional incident growth.,not applicable,"ICS-209-PLUS incident situation reports, after deterministic same-day collapse",no,Blank/NA means no usable value was reported or matched for this Fire-Day; it is not interpreted as zero.,yes
features,imt_mgmt_org_desc,object,current Fire-Day model feature,Description of the incident-management organization or team assigned to the incident.,not applicable,"ICS-209-PLUS incident situation reports, after deterministic same-day collapse",no,Blank/NA means no usable value was reported or matched for this Fire-Day; it is not interpreted as zero.,yes
features,inc209r_identifier,float64,provenance metadata,Identifier of the source ICS-209 report record.,not applicable,"ICS-209-PLUS incident situation reports, after deterministic same-day collapse",no,Blank means the provenance or identifying value was not supplied by the source; it is not interpreted as zero.,no
features,incident_jurisdiction,object,current Fire-Day model feature,Agency or jurisdiction reported as responsible for the incident.,not applicable,"ICS-209-PLUS incident situation reports, after deterministic same-day collapse",no,Blank/NA means no usable value was reported or matched for this Fire-Day; it is not interpreted as zero.,yes
features,incident_name,object,provenance metadata,Human-readable incident name reported by ICS-209-PLUS.,not applicable,"ICS-209-PLUS incident situation reports, after deterministic same-day collapse",no,Blank means the provenance or identifying value was not supplied by the source; it is not interpreted as zero.,no
features,incident_number,object,provenance metadata,Incident number assigned by the responsible agency.,not applicable,"ICS-209-PLUS incident situation reports, after deterministic same-day collapse",no,Blank means the provenance or identifying value was not supplied by the source; it is not interpreted as zero.,no
features,inc_identifier,float64,provenance metadata,Incident-level identifier supplied by ICS-209-PLUS.,not applicable,"ICS-209-PLUS incident situation reports, after deterministic same-day collapse",no,Blank means the provenance or identifying value was not supplied by the source; it is not interpreted as zero.,no
features,injuries,float64,current Fire-Day model feature,Number of injuries reported in the current situation report.,count,"ICS-209-PLUS incident situation reports, after deterministic same-day collapse",no,Blank/NA means no usable value was reported or matched for this Fire-Day; it is not interpreted as zero.,yes
features,injuries_to_date,float64,current Fire-Day model feature,Cumulative number of injuries reported through the Fire-Day.,count,"ICS-209-PLUS incident situation reports, after deterministic same-day collapse",no,Blank/NA means no usable value was reported or matched for this Fire-Day; it is not interpreted as zero.,yes
features,irwin_id,object,provenance metadata,Integrated Reporting of Wildland-Fire Information identifier linked to the incident.,not applicable,"ICS-209-PLUS incident situation reports, after deterministic same-day collapse",no,Blank means the provenance or identifying value was not supplied by the source; it is not interpreted as zero.,no
features,ll_confidence,object,current Fire-Day model feature,Source confidence code for the reported latitude and longitude.,not applicable,"ICS-209-PLUS incident situation reports, after deterministic same-day collapse",no,Blank/NA means no usable value was reported or matched for this Fire-Day; it is not interpreted as zero.,yes
features,ll_update,object,current Fire-Day model feature,Indicator that the point-of-origin latitude or longitude was updated in the source record.,boolean,"ICS-209-PLUS incident situation reports, after deterministic same-day collapse",no,Blank/NA means no usable value was reported or matched for this Fire-Day; it is not interpreted as zero.,yes
features,local_timezone,object,current Fire-Day model feature,Local time-zone label associated with the incident location.,not applicable,"ICS-209-PLUS incident situation reports, after deterministic same-day collapse",no,Blank/NA means no usable value was reported or matched for this Fire-Day; it is not interpreted as zero.,yes
features,num_evacuated,float64,current Fire-Day model feature,Number of people reported evacuated in the source report.,count,"ICS-209-PLUS incident situation reports, after deterministic same-day collapse",no,Blank/NA means no usable value was reported or matched for this Fire-Day; it is not interpreted as zero.,yes
features,nwcg_identifier,float64,provenance metadata,National Wildfire Coordinating Group incident identifier.,not applicable,"ICS-209-PLUS incident situation reports, after deterministic same-day collapse",no,Blank means the provenance or identifying value was not supplied by the source; it is not interpreted as zero.,no
features,pct_contained_completed,float64,current Fire-Day model feature,Reported percent of the incident contained or completed as of the Fire-Day.,%,"ICS-209-PLUS incident situation reports, after deterministic same-day collapse",no,Blank/NA means no usable value was reported or matched for this Fire-Day; it is not interpreted as zero.,yes
features,pct_perim_to_be_contained,float64,current Fire-Day model feature,Reported percent of the incident perimeter planned for containment.,%,"ICS-209-PLUS incident situation reports, after deterministic same-day collapse",no,Blank/NA means no usable value was reported or matched for this Fire-Day; it is not interpreted as zero.,yes
features,percent_c,float64,current Fire-Day model feature,Share of the incident assigned to the Confine suppression strategy.,%,"ICS-209-PLUS incident situation reports, after deterministic same-day collapse",no,Blank/NA means no usable value was reported or matched for this Fire-Day; it is not interpreted as zero.,yes
features,percent_fs,float64,current Fire-Day model feature,Share of the incident assigned to the Full Suppression strategy.,%,"ICS-209-PLUS incident situation reports, after deterministic same-day collapse",no,Blank/NA means no usable value was reported or matched for this Fire-Day; it is not interpreted as zero.,yes
features,percent_m,float64,current Fire-Day model feature,Share of the incident assigned to the Monitor strategy.,%,"ICS-209-PLUS incident situation reports, after deterministic same-day collapse",no,Blank/NA means no usable value was reported or matched for this Fire-Day; it is not interpreted as zero.,yes
features,percent_pzp,float64,current Fire-Day model feature,Share of the incident assigned to the Point Zone Protection strategy.,%,"ICS-209-PLUS incident situation reports, after deterministic same-day collapse",no,Blank/NA means no usable value was reported or matched for this Fire-Day; it is not interpreted as zero.,yes
features,poo_county,object,current Fire-Day model feature,County containing the reported point of origin.,not applicable,"ICS-209-PLUS incident situation reports, after deterministic same-day collapse",no,Blank/NA means no usable value was reported or matched for this Fire-Day; it is not interpreted as zero.,yes
features,poo_latitude,float64,current Fire-Day model feature,Reported latitude of the incident point of origin.,decimal degrees,"ICS-209-PLUS incident situation reports, after deterministic same-day collapse",no,Blank/NA means no usable value was reported or matched for this Fire-Day; it is not interpreted as zero.,yes
features,poo_longitude,float64,current Fire-Day model feature,Reported longitude of the incident point of origin.,decimal degrees,"ICS-209-PLUS incident situation reports, after deterministic same-day collapse",no,Blank/NA means no usable value was reported or matched for this Fire-Day; it is not interpreted as zero.,yes
features,poo_state,object,current Fire-Day model feature,Postal abbreviation of the state containing the reported point of origin.,not applicable,"ICS-209-PLUS incident situation reports, after deterministic same-day collapse",no,Blank/NA means no usable value was reported or matched for this Fire-Day; it is not interpreted as zero.,yes
features,poo_state_name,object,current Fire-Day model feature,Full state name containing the reported point of origin.,not applicable,"ICS-209-PLUS incident situation reports, after deterministic same-day collapse",no,Blank/NA means no usable value was reported or matched for this Fire-Day; it is not interpreted as zero.,yes
features,potential,object,current Fire-Day model feature,Source-reported incident-potential category when available.,not applicable,"ICS-209-PLUS incident situation reports, after deterministic same-day collapse",no,Blank/NA means no usable value was reported or matched for this Fire-Day; it is not interpreted as zero.,yes
features,proj_incident_area,float64,current Fire-Day model feature,Projected incident area reported in the situation report.,acres,"ICS-209-PLUS incident situation reports, after deterministic same-day collapse",no,Blank/NA means no usable value was reported or matched for this Fire-Day; it is not interpreted as zero.,yes
features,prot_unit_id,object,provenance metadata,Identifier of the fire-protection unit associated with the incident.,not applicable,"ICS-209-PLUS incident situation reports, after deterministic same-day collapse",no,Blank means the provenance or identifying value was not supplied by the source; it is not interpreted as zero.,no
features,prot_unit_name,object,current Fire-Day model feature,Name of the fire-protection unit associated with the incident.,not applicable,"ICS-209-PLUS incident situation reports, after deterministic same-day collapse",no,Blank/NA means no usable value was reported or matched for this Fire-Day; it is not interpreted as zero.,yes
features,prot_unit_type,object,current Fire-Day model feature,Type of fire-protection unit associated with the incident.,not applicable,"ICS-209-PLUS incident situation reports, after deterministic same-day collapse",no,Blank/NA means no usable value was reported or matched for this Fire-Day; it is not interpreted as zero.,yes
features,report_from_date,object,provenance metadata,Beginning date and time of the source report's reporting period.,timestamp,"ICS-209-PLUS incident situation reports, after deterministic same-day collapse",no,Blank means the provenance or identifying value was not supplied by the source; it is not interpreted as zero.,no
features,road_closure_flag,object,current Fire-Day model feature,Indicator that a road closure was reported for the incident.,boolean,"ICS-209-PLUS incident situation reports, after deterministic same-day collapse",no,Blank/NA means no usable value was reported or matched for this Fire-Day; it is not interpreted as zero.,yes
features,rpt_evacuations,float64,current Fire-Day model feature,Source-reported evacuation status or evacuation information for the reporting period.,not applicable,"ICS-209-PLUS incident situation reports, after deterministic same-day collapse",no,Blank/NA means no usable value was reported or matched for this Fire-Day; it is not interpreted as zero.,yes
features,secndry_fuel_model,object,current Fire-Day model feature,Secondary fuel-model description reported for the incident.,not applicable,"ICS-209-PLUS incident situation reports, after deterministic same-day collapse",no,Blank/NA means no usable value was reported or matched for this Fire-Day; it is not interpreted as zero.,yes
features,start_year,float64,current Fire-Day model feature,Calendar year in which the incident began.,not applicable,"ICS-209-PLUS incident situation reports, after deterministic same-day collapse",no,Blank/NA means no usable value was reported or matched for this Fire-Day; it is not interpreted as zero.,yes
features,status,object,current Fire-Day model feature,Source status code for the incident or report.,not applicable,"ICS-209-PLUS incident situation reports, after deterministic same-day collapse",no,Blank/NA means no usable value was reported or matched for this Fire-Day; it is not interpreted as zero.,yes
features,str_damaged,float64,current Fire-Day model feature,Total number of structures reported damaged.,count,"ICS-209-PLUS incident situation reports, after deterministic same-day collapse",no,Blank/NA means no usable value was reported or matched for this Fire-Day; it is not interpreted as zero.,yes
features,str_damaged_comm,float64,current Fire-Day model feature,Number of commercial structures reported damaged.,count,"ICS-209-PLUS incident situation reports, after deterministic same-day collapse",no,Blank/NA means no usable value was reported or matched for this Fire-Day; it is not interpreted as zero.,yes
features,str_damaged_res,float64,current Fire-Day model feature,Number of residential structures reported damaged.,count,"ICS-209-PLUS incident situation reports, after deterministic same-day collapse",no,Blank/NA means no usable value was reported or matched for this Fire-Day; it is not interpreted as zero.,yes
features,str_destroyed,float64,current Fire-Day model feature,Total number of structures reported destroyed.,count,"ICS-209-PLUS incident situation reports, after deterministic same-day collapse",no,Blank/NA means no usable value was reported or matched for this Fire-Day; it is not interpreted as zero.,yes
features,str_destroyed_comm,float64,current Fire-Day model feature,Number of commercial structures reported destroyed.,count,"ICS-209-PLUS incident situation reports, after deterministic same-day collapse",no,Blank/NA means no usable value was reported or matched for this Fire-Day; it is not interpreted as zero.,yes
features,str_destroyed_res,float64,current Fire-Day model feature,Number of residential structures reported destroyed.,count,"ICS-209-PLUS incident situation reports, after deterministic same-day collapse",no,Blank/NA means no usable value was reported or matched for this Fire-Day; it is not interpreted as zero.,yes
features,str_threatened,float64,current Fire-Day model feature,Total number of structures reported threatened.,count,"ICS-209-PLUS incident situation reports, after deterministic same-day collapse",no,Blank/NA means no usable value was reported or matched for this Fire-Day; it is not interpreted as zero.,yes
features,str_threatened_comm,float64,current Fire-Day model feature,Number of commercial structures reported threatened.,count,"ICS-209-PLUS incident situation reports, after deterministic same-day collapse",no,Blank/NA means no usable value was reported or matched for this Fire-Day; it is not interpreted as zero.,yes
features,str_threatened_res,float64,current Fire-Day model feature,Number of residential structures reported threatened.,count,"ICS-209-PLUS incident situation reports, after deterministic same-day collapse",no,Blank/NA means no usable value was reported or matched for this Fire-Day; it is not interpreted as zero.,yes
features,suppression_method,object,current Fire-Day model feature,Code for the primary suppression strategy reported for the incident.,not applicable,"ICS-209-PLUS incident situation reports, after deterministic same-day collapse",no,Blank/NA means no usable value was reported or matched for this Fire-Day; it is not interpreted as zero.,yes
features,suppression_method_fullname,object,current Fire-Day model feature,Full name of the primary suppression strategy reported for the incident.,not applicable,"ICS-209-PLUS incident situation reports, after deterministic same-day collapse",no,Blank/NA means no usable value was reported or matched for this Fire-Day; it is not interpreted as zero.,yes
features,terrain,object,current Fire-Day model feature,Narrative or categorical terrain description reported for the incident.,not applicable,"ICS-209-PLUS incident situation reports, after deterministic same-day collapse",no,Blank/NA means no usable value was reported or matched for this Fire-Day; it is not interpreted as zero.,yes
features,total_aerial,float64,current Fire-Day model feature,Current Fire-Day count of assigned aerial resources; retained as an input and not used as a prediction target.,resources,"ICS-209-PLUS incident situation reports, after deterministic same-day collapse",no,Blank/NA means no usable value was reported or matched for this Fire-Day; it is not interpreted as zero.,yes
features,total_evacuations,float64,current Fire-Day model feature,Cumulative or total evacuation count reported for the incident.,count,"ICS-209-PLUS incident situation reports, after deterministic same-day collapse",no,Blank/NA means no usable value was reported or matched for this Fire-Day; it is not interpreted as zero.,yes
features,total_personnel,float64,current Fire-Day model feature,Current Fire-Day personnel count reported for the incident.,persons,"ICS-209-PLUS incident situation reports, after deterministic same-day collapse",no,Blank/NA means no usable value was reported or matched for this Fire-Day; it is not interpreted as zero.,yes
features,trail_closure_flag,object,current Fire-Day model feature,Indicator that a trail closure was reported for the incident.,boolean,"ICS-209-PLUS incident situation reports, after deterministic same-day collapse",no,Blank/NA means no usable value was reported or matched for this Fire-Day; it is not interpreted as zero.,yes
features,unified_command_flag,object,current Fire-Day model feature,Indicator that the incident was managed under unified command.,boolean,"ICS-209-PLUS incident situation reports, after deterministic same-day collapse",no,Blank/NA means no usable value was reported or matched for this Fire-Day; it is not interpreted as zero.,yes
features,inctyp_desc,object,current Fire-Day model feature,"Full description of the incident type, such as Wildfire or Complex.",not applicable,"ICS-209-PLUS incident situation reports, after deterministic same-day collapse",no,Blank/NA means no usable value was reported or matched for this Fire-Day; it is not interpreted as zero.,yes
features,inctyp_abbreviation,object,current Fire-Day model feature,"Abbreviated incident-type code, such as WF or CX.",not applicable,"ICS-209-PLUS incident situation reports, after deterministic same-day collapse",no,Blank/NA means no usable value was reported or matched for this Fire-Day; it is not interpreted as zero.,yes
features,days_since_previous_report,float64,current/backward-derived model feature,Calendar-day gap from the previous Fire-Day for the same incident.,days,Derived by the FireResBench Fire-Day feature pipeline from current and prior observations only,yes,Blank means no usable prior Fire-Day endpoint was available for the calculation.,yes
features,personnel_delta,float64,current/backward-derived model feature,Change in total_personnel from the previous Fire-Day for the same incident.,persons,Derived by the FireResBench Fire-Day feature pipeline from current and prior observations only,yes,Blank means no usable prior Fire-Day endpoint was available for the calculation.,yes
features,personnel_delta_per_day,float64,current/backward-derived model feature,Personnel change divided by the positive calendar-day gap from the previous Fire-Day.,persons/day,Derived by the FireResBench Fire-Day feature pipeline from current and prior observations only,yes,Blank means no usable prior Fire-Day endpoint was available for the calculation.,yes
features,personnel_pct_change,float64,current/backward-derived model feature,Personnel change divided by the previous Fire-Day personnel count.,%,Derived by the FireResBench Fire-Day feature pipeline from current and prior observations only,yes,Blank means no usable prior Fire-Day endpoint was available for the calculation.,yes
features,cost_interval_status,object,current/backward-derived model feature,Validity classification for the cumulative-cost interval ending on the current Fire-Day.,not applicable,Derived by the FireResBench Fire-Day feature pipeline from current and prior observations only,yes,Blank/NA means no usable value was reported or matched for this Fire-Day; it is not interpreted as zero.,yes
features,cost_increment_usd,float64,current/backward-derived model feature,Nonnegative increase in as-reported cumulative cost from the previous valid Fire-Day endpoint.,USD,Derived by the FireResBench Fire-Day feature pipeline from current and prior observations only,yes,Blank means the cost interval was not valid; cost_interval_status records the reason.,yes
features,average_daily_cost_usd,float64,current/backward-derived model feature,Valid cumulative-cost increase divided by the calendar-day interval length.,USD,Derived by the FireResBench Fire-Day feature pipeline from current and prior observations only,yes,Blank means the cost interval was not valid; cost_interval_status records the reason.,yes
features,new_acres,float64,current/backward-derived model feature,Nonnegative increase in incident acres from the previous valid Fire-Day endpoint.,acres,Derived by the FireResBench Fire-Day feature pipeline from current and prior observations only,yes,Blank means the area interval was not valid; acres_interval_status records the reason.,yes
features,wf_fsr,float64,current/backward-derived model feature,"Average daily fire-spread rate, computed as new_acres divided by the positive calendar-day gap.",acres/day,Derived by the FireResBench Fire-Day feature pipeline from current and prior observations only,yes,Blank means the area interval was not valid; acres_interval_status records the reason.,yes
features,acres_interval_status,object,current/backward-derived model feature,Validity classification for the incident-area interval ending on the current Fire-Day.,not applicable,Derived by the FireResBench Fire-Day feature pipeline from current and prior observations only,yes,Blank/NA means no usable value was reported or matched for this Fire-Day; it is not interpreted as zero.,yes
features,fire_age_days,int64,current/backward-derived model feature,"Calendar days elapsed since the reported discovery date, with discovery day equal to zero.",days,Derived by the FireResBench Fire-Day feature pipeline from current and prior observations only,yes,Blank/NA means no usable value was reported or matched for this Fire-Day; it is not interpreted as zero.,yes
features,report_hour_local,int32,current/backward-derived model feature,Hour of day extracted from the report-to timestamp in local reporting time.,hour (0–23),Derived by the FireResBench Fire-Day feature pipeline from current and prior observations only,yes,Blank/NA means no usable value was reported or matched for this Fire-Day; it is not interpreted as zero.,yes
features,calendar_month,int32,current/backward-derived model feature,Calendar month extracted from fire_day_date.,month (1–12),Derived by the FireResBench Fire-Day feature pipeline from current and prior observations only,yes,Blank/NA means no usable value was reported or matched for this Fire-Day; it is not interpreted as zero.,yes
features,calendar_day_of_year,int32,current/backward-derived model feature,Day-of-year index extracted from fire_day_date.,day (1–366),Derived by the FireResBench Fire-Day feature pipeline from current and prior observations only,yes,Blank/NA means no usable value was reported or matched for this Fire-Day; it is not interpreted as zero.,yes
features,invalid_personnel_flag,int64,current/backward-derived model feature,"Indicator that the retained personnel value falls outside the accepted 0–10,000 range.",boolean,Derived by the FireResBench Fire-Day feature pipeline from current and prior observations only,yes,Blank/NA means no usable value was reported or matched for this Fire-Day; it is not interpreted as zero.,yes
features,invalid_cost_flag,int64,current/backward-derived model feature,Indicator that the retained cumulative cost is negative or otherwise invalid.,boolean,Derived by the FireResBench Fire-Day feature pipeline from current and prior observations only,yes,Blank/NA means no usable value was reported or matched for this Fire-Day; it is not interpreted as zero.,yes
features,invalid_acres_flag,int64,current/backward-derived model feature,Indicator that the retained acres value is negative or otherwise invalid.,boolean,Derived by the FireResBench Fire-Day feature pipeline from current and prior observations only,yes,Blank/NA means no usable value was reported or matched for this Fire-Day; it is not interpreted as zero.,yes
features,invalid_containment_flag,int64,current/backward-derived model feature,Indicator that containment is outside the accepted 0–100 percent range.,boolean,Derived by the FireResBench Fire-Day feature pipeline from current and prior observations only,yes,Blank/NA means no usable value was reported or matched for this Fire-Day; it is not interpreted as zero.,yes
features,cost_provenance_status,object,current/backward-derived model feature,Whether the cumulative cost is available as reported or is missing from the source record.,not applicable,Derived by the FireResBench Fire-Day feature pipeline from current and prior observations only,yes,Blank/NA means no usable value was reported or matched for this Fire-Day; it is not interpreted as zero.,yes
features,acres_mean_3d,float64,current/backward-derived model feature,"Trailing 3-calendar-day mean of incident acres, ending on the current Fire-Day and using no future observations.",not applicable,Derived by the FireResBench Fire-Day feature pipeline from current and prior observations only,yes,Blank means the trailing window contained no usable observation for this variable.,yes
features,acres_max_3d,float64,current/backward-derived model feature,"Trailing 3-calendar-day maximum of incident acres, ending on the current Fire-Day and using no future observations.",not applicable,Derived by the FireResBench Fire-Day feature pipeline from current and prior observations only,yes,Blank means the trailing window contained no usable observation for this variable.,yes
features,acres_support_3d,int64,current/backward-derived model feature,"Trailing 3-calendar-day nonmissing observation count of incident acres, ending on the current Fire-Day and using no future observations.",count,Derived by the FireResBench Fire-Day feature pipeline from current and prior observations only,yes,Zero means no nonmissing observation occurred in the trailing window.,yes
features,average_daily_cost_usd_mean_3d,float64,current/backward-derived model feature,"Trailing 3-calendar-day mean of average daily cost, ending on the current Fire-Day and using no future observations.",USD,Derived by the FireResBench Fire-Day feature pipeline from current and prior observations only,yes,Blank means the trailing window contained no usable observation for this variable.,yes
features,average_daily_cost_usd_max_3d,float64,current/backward-derived model feature,"Trailing 3-calendar-day maximum of average daily cost, ending on the current Fire-Day and using no future observations.",USD,Derived by the FireResBench Fire-Day feature pipeline from current and prior observations only,yes,Blank means the trailing window contained no usable observation for this variable.,yes
features,average_daily_cost_usd_support_3d,int64,current/backward-derived model feature,"Trailing 3-calendar-day nonmissing observation count of average daily cost, ending on the current Fire-Day and using no future observations.",USD,Derived by the FireResBench Fire-Day feature pipeline from current and prior observations only,yes,Zero means no nonmissing observation occurred in the trailing window.,yes
features,pct_contained_completed_mean_3d,float64,current/backward-derived model feature,"Trailing 3-calendar-day mean of percent contained or completed, ending on the current Fire-Day and using no future observations.",not applicable,Derived by the FireResBench Fire-Day feature pipeline from current and prior observations only,yes,Blank means the trailing window contained no usable observation for this variable.,yes
features,pct_contained_completed_max_3d,float64,current/backward-derived model feature,"Trailing 3-calendar-day maximum of percent contained or completed, ending on the current Fire-Day and using no future observations.",not applicable,Derived by the FireResBench Fire-Day feature pipeline from current and prior observations only,yes,Blank means the trailing window contained no usable observation for this variable.,yes
features,pct_contained_completed_support_3d,int64,current/backward-derived model feature,"Trailing 3-calendar-day nonmissing observation count of percent contained or completed, ending on the current Fire-Day and using no future observations.",count,Derived by the FireResBench Fire-Day feature pipeline from current and prior observations only,yes,Zero means no nonmissing observation occurred in the trailing window.,yes
features,total_personnel_mean_3d,float64,current/backward-derived model feature,"Trailing 3-calendar-day mean of total personnel, ending on the current Fire-Day and using no future observations.",persons,Derived by the FireResBench Fire-Day feature pipeline from current and prior observations only,yes,Blank means the trailing window contained no usable observation for this variable.,yes
features,total_personnel_max_3d,float64,current/backward-derived model feature,"Trailing 3-calendar-day maximum of total personnel, ending on the current Fire-Day and using no future observations.",persons,Derived by the FireResBench Fire-Day feature pipeline from current and prior observations only,yes,Blank means the trailing window contained no usable observation for this variable.,yes
features,total_personnel_support_3d,int64,current/backward-derived model feature,"Trailing 3-calendar-day nonmissing observation count of total personnel, ending on the current Fire-Day and using no future observations.",count,Derived by the FireResBench Fire-Day feature pipeline from current and prior observations only,yes,Zero means no nonmissing observation occurred in the trailing window.,yes
features,wf_fsr_mean_3d,float64,current/backward-derived model feature,"Trailing 3-calendar-day mean of average daily fire-spread rate, ending on the current Fire-Day and using no future observations.",acres/day,Derived by the FireResBench Fire-Day feature pipeline from current and prior observations only,yes,Blank means the trailing window contained no usable observation for this variable.,yes
features,wf_fsr_max_3d,float64,current/backward-derived model feature,"Trailing 3-calendar-day maximum of average daily fire-spread rate, ending on the current Fire-Day and using no future observations.",acres/day,Derived by the FireResBench Fire-Day feature pipeline from current and prior observations only,yes,Blank means the trailing window contained no usable observation for this variable.,yes
features,wf_fsr_support_3d,int64,current/backward-derived model feature,"Trailing 3-calendar-day nonmissing observation count of average daily fire-spread rate, ending on the current Fire-Day and using no future observations.",count,Derived by the FireResBench Fire-Day feature pipeline from current and prior observations only,yes,Zero means no nonmissing observation occurred in the trailing window.,yes
features,acres_mean_7d,float64,current/backward-derived model feature,"Trailing 7-calendar-day mean of incident acres, ending on the current Fire-Day and using no future observations.",not applicable,Derived by the FireResBench Fire-Day feature pipeline from current and prior observations only,yes,Blank means the trailing window contained no usable observation for this variable.,yes
features,acres_max_7d,float64,current/backward-derived model feature,"Trailing 7-calendar-day maximum of incident acres, ending on the current Fire-Day and using no future observations.",not applicable,Derived by the FireResBench Fire-Day feature pipeline from current and prior observations only,yes,Blank means the trailing window contained no usable observation for this variable.,yes
features,acres_support_7d,int64,current/backward-derived model feature,"Trailing 7-calendar-day nonmissing observation count of incident acres, ending on the current Fire-Day and using no future observations.",count,Derived by the FireResBench Fire-Day feature pipeline from current and prior observations only,yes,Zero means no nonmissing observation occurred in the trailing window.,yes
features,average_daily_cost_usd_mean_7d,float64,current/backward-derived model feature,"Trailing 7-calendar-day mean of average daily cost, ending on the current Fire-Day and using no future observations.",USD,Derived by the FireResBench Fire-Day feature pipeline from current and prior observations only,yes,Blank means the trailing window contained no usable observation for this variable.,yes
features,average_daily_cost_usd_max_7d,float64,current/backward-derived model feature,"Trailing 7-calendar-day maximum of average daily cost, ending on the current Fire-Day and using no future observations.",USD,Derived by the FireResBench Fire-Day feature pipeline from current and prior observations only,yes,Blank means the trailing window contained no usable observation for this variable.,yes
features,average_daily_cost_usd_support_7d,int64,current/backward-derived model feature,"Trailing 7-calendar-day nonmissing observation count of average daily cost, ending on the current Fire-Day and using no future observations.",USD,Derived by the FireResBench Fire-Day feature pipeline from current and prior observations only,yes,Zero means no nonmissing observation occurred in the trailing window.,yes
features,pct_contained_completed_mean_7d,float64,current/backward-derived model feature,"Trailing 7-calendar-day mean of percent contained or completed, ending on the current Fire-Day and using no future observations.",not applicable,Derived by the FireResBench Fire-Day feature pipeline from current and prior observations only,yes,Blank means the trailing window contained no usable observation for this variable.,yes
features,pct_contained_completed_max_7d,float64,current/backward-derived model feature,"Trailing 7-calendar-day maximum of percent contained or completed, ending on the current Fire-Day and using no future observations.",not applicable,Derived by the FireResBench Fire-Day feature pipeline from current and prior observations only,yes,Blank means the trailing window contained no usable observation for this variable.,yes
features,pct_contained_completed_support_7d,int64,current/backward-derived model feature,"Trailing 7-calendar-day nonmissing observation count of percent contained or completed, ending on the current Fire-Day and using no future observations.",count,Derived by the FireResBench Fire-Day feature pipeline from current and prior observations only,yes,Zero means no nonmissing observation occurred in the trailing window.,yes
features,total_personnel_mean_7d,float64,current/backward-derived model feature,"Trailing 7-calendar-day mean of total personnel, ending on the current Fire-Day and using no future observations.",persons,Derived by the FireResBench Fire-Day feature pipeline from current and prior observations only,yes,Blank means the trailing window contained no usable observation for this variable.,yes
features,total_personnel_max_7d,float64,current/backward-derived model feature,"Trailing 7-calendar-day maximum of total personnel, ending on the current Fire-Day and using no future observations.",persons,Derived by the FireResBench Fire-Day feature pipeline from current and prior observations only,yes,Blank means the trailing window contained no usable observation for this variable.,yes
features,total_personnel_support_7d,int64,current/backward-derived model feature,"Trailing 7-calendar-day nonmissing observation count of total personnel, ending on the current Fire-Day and using no future observations.",count,Derived by the FireResBench Fire-Day feature pipeline from current and prior observations only,yes,Zero means no nonmissing observation occurred in the trailing window.,yes
features,wf_fsr_mean_7d,float64,current/backward-derived model feature,"Trailing 7-calendar-day mean of average daily fire-spread rate, ending on the current Fire-Day and using no future observations.",acres/day,Derived by the FireResBench Fire-Day feature pipeline from current and prior observations only,yes,Blank means the trailing window contained no usable observation for this variable.,yes
features,wf_fsr_max_7d,float64,current/backward-derived model feature,"Trailing 7-calendar-day maximum of average daily fire-spread rate, ending on the current Fire-Day and using no future observations.",acres/day,Derived by the FireResBench Fire-Day feature pipeline from current and prior observations only,yes,Blank means the trailing window contained no usable observation for this variable.,yes
features,wf_fsr_support_7d,int64,current/backward-derived model feature,"Trailing 7-calendar-day nonmissing observation count of average daily fire-spread rate, ending on the current Fire-Day and using no future observations.",count,Derived by the FireResBench Fire-Day feature pipeline from current and prior observations only,yes,Zero means no nonmissing observation occurred in the trailing window.,yes
features,core_observed_fraction,float64,current/backward-derived model feature,"Fraction of five core current-day fields observed: acres, containment, personnel, aerial resources, and cumulative cost.",fraction (0–1),Derived by the FireResBench Fire-Day feature pipeline from current and prior observations only,yes,Blank/NA means no usable value was reported or matched for this Fire-Day; it is not interpreted as zero.,yes
features,firms_count_1km,float64,date-aligned environmental feature,Number of VIIRS active-fire detections within 1 km of the incident point of origin on the Fire-Day.,detections,NASA FIRMS VIIRS active-fire detections matched by date and incident location,yes,"When firms_match_status confirms a valid match, zero count/no-detection is meaningful; blank means the match or required source value was unavailable.",yes
features,firms_frp_sum_1km,float64,date-aligned environmental feature,Sum of VIIRS fire radiative power within 1 km of the incident point of origin on the Fire-Day.,MW,NASA FIRMS VIIRS active-fire detections matched by date and incident location,yes,"When firms_match_status confirms a valid match, zero count/no-detection is meaningful; blank means the match or required source value was unavailable.",yes
features,firms_frp_mean_1km,float64,date-aligned environmental feature,Mean VIIRS fire radiative power within 1 km of the incident point of origin on the Fire-Day.,MW,NASA FIRMS VIIRS active-fire detections matched by date and incident location,yes,"When firms_match_status confirms a valid match, zero count/no-detection is meaningful; blank means the match or required source value was unavailable.",yes
features,firms_confidence_mean_1km,float64,date-aligned environmental feature,"Mean ordinal VIIRS detection-confidence score (1=low, 2=nominal, 3=high) within 1 km of the incident point of origin on the Fire-Day.",ordinal score (1–3),NASA FIRMS VIIRS active-fire detections matched by date and incident location,yes,"When firms_match_status confirms a valid match, zero count/no-detection is meaningful; blank means the match or required source value was unavailable.",yes
features,firms_has_detection_1km,float64,date-aligned environmental feature,Indicator that at least one VIIRS active-fire detection was present within 1 km of the incident point of origin on the Fire-Day.,boolean,NASA FIRMS VIIRS active-fire detections matched by date and incident location,yes,"When firms_match_status confirms a valid match, zero count/no-detection is meaningful; blank means the match or required source value was unavailable.",yes
features,firms_count_5km,float64,date-aligned environmental feature,Number of VIIRS active-fire detections within 5 km of the incident point of origin on the Fire-Day.,detections,NASA FIRMS VIIRS active-fire detections matched by date and incident location,yes,"When firms_match_status confirms a valid match, zero count/no-detection is meaningful; blank means the match or required source value was unavailable.",yes
features,firms_frp_sum_5km,float64,date-aligned environmental feature,Sum of VIIRS fire radiative power within 5 km of the incident point of origin on the Fire-Day.,MW,NASA FIRMS VIIRS active-fire detections matched by date and incident location,yes,"When firms_match_status confirms a valid match, zero count/no-detection is meaningful; blank means the match or required source value was unavailable.",yes
features,firms_frp_mean_5km,float64,date-aligned environmental feature,Mean VIIRS fire radiative power within 5 km of the incident point of origin on the Fire-Day.,MW,NASA FIRMS VIIRS active-fire detections matched by date and incident location,yes,"When firms_match_status confirms a valid match, zero count/no-detection is meaningful; blank means the match or required source value was unavailable.",yes
features,firms_confidence_mean_5km,float64,date-aligned environmental feature,"Mean ordinal VIIRS detection-confidence score (1=low, 2=nominal, 3=high) within 5 km of the incident point of origin on the Fire-Day.",ordinal score (1–3),NASA FIRMS VIIRS active-fire detections matched by date and incident location,yes,"When firms_match_status confirms a valid match, zero count/no-detection is meaningful; blank means the match or required source value was unavailable.",yes
features,firms_has_detection_5km,float64,date-aligned environmental feature,Indicator that at least one VIIRS active-fire detection was present within 5 km of the incident point of origin on the Fire-Day.,boolean,NASA FIRMS VIIRS active-fire detections matched by date and incident location,yes,"When firms_match_status confirms a valid match, zero count/no-detection is meaningful; blank means the match or required source value was unavailable.",yes
features,firms_match_status,object,date-aligned environmental feature,Status of the date-and-location match between the Fire-Day and NASA FIRMS detections.,not applicable,NASA FIRMS VIIRS active-fire detections matched by date and incident location,yes,Blank/NA means no usable value was reported or matched for this Fire-Day; it is not interpreted as zero.,yes
features,gridmet_lat,float64,date-aligned environmental feature,Latitude of the gridMET grid-cell center matched to the incident point of origin.,decimal degrees,gridMET matched by date and incident location,no,Blank/NA means no usable value was reported or matched for this Fire-Day; it is not interpreted as zero.,yes
features,gridmet_lon,float64,date-aligned environmental feature,Longitude of the gridMET grid-cell center matched to the incident point of origin.,decimal degrees,gridMET matched by date and incident location,no,Blank/NA means no usable value was reported or matched for this Fire-Day; it is not interpreted as zero.,yes
features,gridmet_match_status,object,date-aligned environmental feature,Status of the spatial and date match between the Fire-Day and gridMET.,not applicable,gridMET matched by date and incident location,no,Blank/NA means no usable value was reported or matched for this Fire-Day; it is not interpreted as zero.,yes
features,bi,float64,date-aligned environmental feature,gridMET/NFDRS Burning Index for the incident location and Fire-Day.,index,gridMET matched by date and incident location,no,Blank/NA means no usable value was reported or matched for this Fire-Day; it is not interpreted as zero.,yes
features,vs,float64,date-aligned environmental feature,gridMET 10-m wind speed for the incident location and Fire-Day.,m/s,gridMET matched by date and incident location,no,Blank/NA means no usable value was reported or matched for this Fire-Day; it is not interpreted as zero.,yes
features,tmmx,float64,date-aligned environmental feature,gridMET daily maximum air temperature for the incident location and Fire-Day.,K,gridMET matched by date and incident location,no,Blank/NA means no usable value was reported or matched for this Fire-Day; it is not interpreted as zero.,yes
features,tmmn,float64,date-aligned environmental feature,gridMET daily minimum air temperature for the incident location and Fire-Day.,K,gridMET matched by date and incident location,no,Blank/NA means no usable value was reported or matched for this Fire-Day; it is not interpreted as zero.,yes
features,fm100,float64,date-aligned environmental feature,gridMET 100-hour dead-fuel moisture for the incident location and Fire-Day.,%,gridMET matched by date and incident location,no,Blank/NA means no usable value was reported or matched for this Fire-Day; it is not interpreted as zero.,yes
features,fm1000,float64,date-aligned environmental feature,"gridMET 1,000-hour dead-fuel moisture for the incident location and Fire-Day.",%,gridMET matched by date and incident location,no,Blank/NA means no usable value was reported or matched for this Fire-Day; it is not interpreted as zero.,yes
features,bi_3d_mean,float64,date-aligned environmental feature,Trailing 3-calendar-day mean of gridMET Burning Index ending on the Fire-Day.,index,gridMET matched by date and incident location,yes,Blank/NA means no usable value was reported or matched for this Fire-Day; it is not interpreted as zero.,yes
features,bi_7d_mean,float64,date-aligned environmental feature,Trailing 7-calendar-day mean of gridMET Burning Index ending on the Fire-Day.,index,gridMET matched by date and incident location,yes,Blank/NA means no usable value was reported or matched for this Fire-Day; it is not interpreted as zero.,yes
features,vs_3d_mean,float64,date-aligned environmental feature,Trailing 3-calendar-day mean of gridMET 10-m wind speed ending on the Fire-Day.,m/s,gridMET matched by date and incident location,yes,Blank/NA means no usable value was reported or matched for this Fire-Day; it is not interpreted as zero.,yes
features,tmmx_7d_mean,float64,date-aligned environmental feature,Trailing 7-calendar-day mean of gridMET daily maximum temperature ending on the Fire-Day.,K,gridMET matched by date and incident location,yes,Blank/NA means no usable value was reported or matched for this Fire-Day; it is not interpreted as zero.,yes
features,fm100_7d_mean,float64,date-aligned environmental feature,Trailing 7-calendar-day mean of gridMET 100-hour fuel moisture ending on the Fire-Day.,%,gridMET matched by date and incident location,yes,Blank/NA means no usable value was reported or matched for this Fire-Day; it is not interpreted as zero.,yes
features,fm1000_7d_mean,float64,date-aligned environmental feature,"Trailing 7-calendar-day mean of gridMET 1,000-hour fuel moisture ending on the Fire-Day.",%,gridMET matched by date and incident location,yes,Blank/NA means no usable value was reported or matched for this Fire-Day; it is not interpreted as zero.,yes
features,tmmx_c,float64,date-aligned environmental feature,gridMET daily maximum air temperature converted from kelvin to degrees Celsius.,°C,gridMET matched by date and incident location,yes,Blank/NA means no usable value was reported or matched for this Fire-Day; it is not interpreted as zero.,yes
features,tmmn_c,float64,date-aligned environmental feature,gridMET daily minimum air temperature converted from kelvin to degrees Celsius.,°C,gridMET matched by date and incident location,yes,Blank/NA means no usable value was reported or matched for this Fire-Day; it is not interpreted as zero.,yes
features,tmmx_7d_mean_c,float64,date-aligned environmental feature,Trailing 7-calendar-day mean maximum air temperature converted to degrees Celsius.,°C,gridMET matched by date and incident location,yes,Blank/NA means no usable value was reported or matched for this Fire-Day; it is not interpreted as zero.,yes
features,evt_1km_mode,int64,static landscape feature,Dominant LANDFIRE class code for Existing Vegetation Type within 1 km of the incident point of origin.,class code,LANDFIRE static vegetation layers summarized around the incident point of origin,yes,Blank means no valid LANDFIRE pixels or class summary was available within the stated radius.,yes
features,evt_1km_top1_prop,float64,static landscape feature,Fraction of valid pixel weight assigned to the dominant class for Existing Vegetation Type within 1 km of the incident point of origin.,fraction (0–1),LANDFIRE static vegetation layers summarized around the incident point of origin,yes,Blank means no valid LANDFIRE pixels or class summary was available within the stated radius.,yes
features,evt_1km_valid_pixel_weight,float64,static landscape feature,Weighted count of valid pixels for Existing Vegetation Type within 1 km of the incident point of origin.,weighted pixels,LANDFIRE static vegetation layers summarized around the incident point of origin,yes,Blank means no valid LANDFIRE pixels or class summary was available within the stated radius.,yes
features,evt_1km_class_count,int64,static landscape feature,Number of distinct valid classes for Existing Vegetation Type within 1 km of the incident point of origin.,count,LANDFIRE static vegetation layers summarized around the incident point of origin,yes,Blank means no valid LANDFIRE pixels or class summary was available within the stated radius.,yes
features,evc_1km_mode,int64,static landscape feature,Dominant LANDFIRE class code for Existing Vegetation Cover within 1 km of the incident point of origin.,class code,LANDFIRE static vegetation layers summarized around the incident point of origin,yes,Blank means no valid LANDFIRE pixels or class summary was available within the stated radius.,yes
features,evc_1km_top1_prop,float64,static landscape feature,Fraction of valid pixel weight assigned to the dominant class for Existing Vegetation Cover within 1 km of the incident point of origin.,fraction (0–1),LANDFIRE static vegetation layers summarized around the incident point of origin,yes,Blank means no valid LANDFIRE pixels or class summary was available within the stated radius.,yes
features,evc_1km_valid_pixel_weight,float64,static landscape feature,Weighted count of valid pixels for Existing Vegetation Cover within 1 km of the incident point of origin.,weighted pixels,LANDFIRE static vegetation layers summarized around the incident point of origin,yes,Blank means no valid LANDFIRE pixels or class summary was available within the stated radius.,yes
features,evc_1km_class_count,int64,static landscape feature,Number of distinct valid classes for Existing Vegetation Cover within 1 km of the incident point of origin.,count,LANDFIRE static vegetation layers summarized around the incident point of origin,yes,Blank means no valid LANDFIRE pixels or class summary was available within the stated radius.,yes
features,evh_1km_mode,int64,static landscape feature,Dominant LANDFIRE class code for Existing Vegetation Height within 1 km of the incident point of origin.,class code,LANDFIRE static vegetation layers summarized around the incident point of origin,yes,Blank means no valid LANDFIRE pixels or class summary was available within the stated radius.,yes
features,evh_1km_top1_prop,float64,static landscape feature,Fraction of valid pixel weight assigned to the dominant class for Existing Vegetation Height within 1 km of the incident point of origin.,fraction (0–1),LANDFIRE static vegetation layers summarized around the incident point of origin,yes,Blank means no valid LANDFIRE pixels or class summary was available within the stated radius.,yes
features,evh_1km_valid_pixel_weight,float64,static landscape feature,Weighted count of valid pixels for Existing Vegetation Height within 1 km of the incident point of origin.,weighted pixels,LANDFIRE static vegetation layers summarized around the incident point of origin,yes,Blank means no valid LANDFIRE pixels or class summary was available within the stated radius.,yes
features,evh_1km_class_count,int64,static landscape feature,Number of distinct valid classes for Existing Vegetation Height within 1 km of the incident point of origin.,count,LANDFIRE static vegetation layers summarized around the incident point of origin,yes,Blank means no valid LANDFIRE pixels or class summary was available within the stated radius.,yes
features,evt_5km_mode,int64,static landscape feature,Dominant LANDFIRE class code for Existing Vegetation Type within 5 km of the incident point of origin.,class code,LANDFIRE static vegetation layers summarized around the incident point of origin,yes,Blank means no valid LANDFIRE pixels or class summary was available within the stated radius.,yes
features,evt_5km_top1_prop,float64,static landscape feature,Fraction of valid pixel weight assigned to the dominant class for Existing Vegetation Type within 5 km of the incident point of origin.,fraction (0–1),LANDFIRE static vegetation layers summarized around the incident point of origin,yes,Blank means no valid LANDFIRE pixels or class summary was available within the stated radius.,yes
features,evt_5km_valid_pixel_weight,float64,static landscape feature,Weighted count of valid pixels for Existing Vegetation Type within 5 km of the incident point of origin.,weighted pixels,LANDFIRE static vegetation layers summarized around the incident point of origin,yes,Blank means no valid LANDFIRE pixels or class summary was available within the stated radius.,yes
features,evt_5km_class_count,int64,static landscape feature,Number of distinct valid classes for Existing Vegetation Type within 5 km of the incident point of origin.,count,LANDFIRE static vegetation layers summarized around the incident point of origin,yes,Blank means no valid LANDFIRE pixels or class summary was available within the stated radius.,yes
features,evc_5km_mode,int64,static landscape feature,Dominant LANDFIRE class code for Existing Vegetation Cover within 5 km of the incident point of origin.,class code,LANDFIRE static vegetation layers summarized around the incident point of origin,yes,Blank means no valid LANDFIRE pixels or class summary was available within the stated radius.,yes
features,evc_5km_top1_prop,float64,static landscape feature,Fraction of valid pixel weight assigned to the dominant class for Existing Vegetation Cover within 5 km of the incident point of origin.,fraction (0–1),LANDFIRE static vegetation layers summarized around the incident point of origin,yes,Blank means no valid LANDFIRE pixels or class summary was available within the stated radius.,yes
features,evc_5km_valid_pixel_weight,float64,static landscape feature,Weighted count of valid pixels for Existing Vegetation Cover within 5 km of the incident point of origin.,weighted pixels,LANDFIRE static vegetation layers summarized around the incident point of origin,yes,Blank means no valid LANDFIRE pixels or class summary was available within the stated radius.,yes
features,evc_5km_class_count,int64,static landscape feature,Number of distinct valid classes for Existing Vegetation Cover within 5 km of the incident point of origin.,count,LANDFIRE static vegetation layers summarized around the incident point of origin,yes,Blank means no valid LANDFIRE pixels or class summary was available within the stated radius.,yes
features,evh_5km_mode,int64,static landscape feature,Dominant LANDFIRE class code for Existing Vegetation Height within 5 km of the incident point of origin.,class code,LANDFIRE static vegetation layers summarized around the incident point of origin,yes,Blank means no valid LANDFIRE pixels or class summary was available within the stated radius.,yes
features,evh_5km_top1_prop,float64,static landscape feature,Fraction of valid pixel weight assigned to the dominant class for Existing Vegetation Height within 5 km of the incident point of origin.,fraction (0–1),LANDFIRE static vegetation layers summarized around the incident point of origin,yes,Blank means no valid LANDFIRE pixels or class summary was available within the stated radius.,yes
features,evh_5km_valid_pixel_weight,float64,static landscape feature,Weighted count of valid pixels for Existing Vegetation Height within 5 km of the incident point of origin.,weighted pixels,LANDFIRE static vegetation layers summarized around the incident point of origin,yes,Blank means no valid LANDFIRE pixels or class summary was available within the stated radius.,yes
features,evh_5km_class_count,int64,static landscape feature,Number of distinct valid classes for Existing Vegetation Height within 5 km of the incident point of origin.,count,LANDFIRE static vegetation layers summarized around the incident point of origin,yes,Blank means no valid LANDFIRE pixels or class summary was available within the stated radius.,yes
targets,incident_id,object,target key/date metadata,Stable normalized incident identifier linking the target row to its current Fire-Day feature row.,not applicable,Derived from consecutive collapsed ICS-209-PLUS Fire-Days by the Task B target-construction pipeline,yes,Blank means the construction input or audit value was unavailable; it is not interpreted as zero.,no
targets,fire_day_date,object,target key/date metadata,Current Fire-Day date t on which model inputs are observed.,date (YYYY-MM-DD),Derived from consecutive collapsed ICS-209-PLUS Fire-Days by the Task B target-construction pipeline,yes,Blank means the construction input or audit value was unavailable; it is not interpreted as zero.,no
targets,target_date,object,target key/date metadata,"Required prediction date t+1, exactly one calendar day after fire_day_date.",date (YYYY-MM-DD),Derived from consecutive collapsed ICS-209-PLUS Fire-Days by the Task B target-construction pipeline,yes,Blank means the construction input or audit value was unavailable; it is not interpreted as zero.,no
targets,next_fire_day_date,object,target key/date metadata,"Date of the next available report for the same incident, whether or not it equals t+1.",date (YYYY-MM-DD),Derived from consecutive collapsed ICS-209-PLUS Fire-Days by the Task B target-construction pipeline,yes,Blank means no subsequent same-incident report was available to supply this provenance field.,no
targets,days_to_target,float64,target construction audit field,Required target horizon in calendar days; fixed at one day.,days,Derived from consecutive collapsed ICS-209-PLUS Fire-Days by the Task B target-construction pipeline,yes,Blank means the construction input or audit value was unavailable; it is not interpreted as zero.,no
targets,days_to_next_report,float64,target construction audit field,Calendar-day gap from the current Fire-Day to the next available report for the incident.,days,Derived from consecutive collapsed ICS-209-PLUS Fire-Days by the Task B target-construction pipeline,yes,Blank means the construction input or audit value was unavailable; it is not interpreted as zero.,no
targets,current_personnel,float64,target construction audit field,Valid current-day total personnel used as the t endpoint for target construction.,persons,Derived from consecutive collapsed ICS-209-PLUS Fire-Days by the Task B target-construction pipeline,yes,Blank means the construction input or audit value was unavailable; it is not interpreted as zero.,no
targets,next_day_personnel,float64,prediction target,"Personnel level reported on the strict next calendar day; this is a level, not a difference.",persons,Derived from consecutive collapsed ICS-209-PLUS Fire-Days by the Task B target-construction pipeline,yes,Blank means the target is ineligible or unavailable; inspect the corresponding eligibility flag and status field for the reason.,no
targets,eligible_next_day_personnel,int64,target eligibility/status,Indicator that a valid same-incident report exists at strict t+1 and supplies a valid personnel target.,boolean,Derived from consecutive collapsed ICS-209-PLUS Fire-Days by the Task B target-construction pipeline,yes,Blank means the construction input or audit value was unavailable; it is not interpreted as zero.,no
targets,personnel_target_status,object,target eligibility/status,Reason-coded status describing whether and why next_day_personnel is available.,not applicable,Derived from consecutive collapsed ICS-209-PLUS Fire-Days by the Task B target-construction pipeline,yes,Blank means the construction input or audit value was unavailable; it is not interpreted as zero.,no
targets,current_cumulative_cost_usd,float64,target construction audit field,As-reported cumulative incident cost at the current Fire-Day t.,USD,Derived from consecutive collapsed ICS-209-PLUS Fire-Days by the Task B target-construction pipeline,yes,Blank means the construction input or audit value was unavailable; it is not interpreted as zero.,no
targets,target_cumulative_cost_usd,float64,target construction audit field,As-reported cumulative incident cost at the strict next-day endpoint t+1.,USD,Derived from consecutive collapsed ICS-209-PLUS Fire-Days by the Task B target-construction pipeline,yes,Blank means the target is ineligible or unavailable; inspect the corresponding eligibility flag and status field for the reason.,no
targets,daily_cost_usd,float64,prediction target,"One-day cost increment, target_cumulative_cost_usd minus current_cumulative_cost_usd, when eligible.",USD,Derived from consecutive collapsed ICS-209-PLUS Fire-Days by the Task B target-construction pipeline,yes,Blank means the target is ineligible or unavailable; inspect the corresponding eligibility flag and status field for the reason.,no
targets,eligible_daily_cost,int64,target eligibility/status,Indicator that both strict t and t+1 as-reported cost endpoints form a valid one-day cost target.,boolean,Derived from consecutive collapsed ICS-209-PLUS Fire-Days by the Task B target-construction pipeline,yes,Blank means the construction input or audit value was unavailable; it is not interpreted as zero.,no
targets,cost_target_status,object,target eligibility/status,Reason-coded status describing whether and why daily_cost_usd is available.,not applicable,Derived from consecutive collapsed ICS-209-PLUS Fire-Days by the Task B target-construction pipeline,yes,Blank means the construction input or audit value was unavailable; it is not interpreted as zero.,no
targets,current_personnel_valid,int64,target construction audit field,"Indicator that current_personnel is within the accepted 0–10,000 range.",boolean,Derived from consecutive collapsed ICS-209-PLUS Fire-Days by the Task B target-construction pipeline,yes,Blank means the construction input or audit value was unavailable; it is not interpreted as zero.,no
targets,target_personnel_valid,int64,target construction audit field,"Indicator that the t+1 personnel value is within the accepted 0–10,000 range.",boolean,Derived from consecutive collapsed ICS-209-PLUS Fire-Days by the Task B target-construction pipeline,yes,Blank means the construction input or audit value was unavailable; it is not interpreted as zero.,no
targets,cost_increment_usd,float64,target construction audit field,Raw difference between target and current cumulative cost before target eligibility is applied.,USD,Derived from consecutive collapsed ICS-209-PLUS Fire-Days by the Task B target-construction pipeline,yes,Blank means the construction input or audit value was unavailable; it is not interpreted as zero.,no
targets,cost_interval_status,object,target construction audit field,Validity classification for the current-to-next-report cumulative-cost interval.,not applicable,Derived from consecutive collapsed ICS-209-PLUS Fire-Days by the Task B target-construction pipeline,yes,Blank means the construction input or audit value was unavailable; it is not interpreted as zero.,no
targets,current_cost_provenance_status,object,target construction audit field,Cost provenance status of the current Fire-Day endpoint.,not applicable,Derived from consecutive collapsed ICS-209-PLUS Fire-Days by the Task B target-construction pipeline,yes,Blank means the construction input or audit value was unavailable; it is not interpreted as zero.,no
targets,target_cost_provenance_status,object,target construction audit field,Cost provenance status of the next-report endpoint.,not applicable,Derived from consecutive collapsed ICS-209-PLUS Fire-Days by the Task B target-construction pipeline,yes,Blank means the construction input or audit value was unavailable; it is not interpreted as zero.,no
targets,source_report_count,int64,target construction audit field,Number of source reports collapsed into the current Fire-Day.,count,Derived from consecutive collapsed ICS-209-PLUS Fire-Days by the Task B target-construction pipeline,yes,Blank means the construction input or audit value was unavailable; it is not interpreted as zero.,no
targets,target_source_report_count,float64,target construction audit field,Number of source reports collapsed into the next-report Fire-Day.,count,Derived from consecutive collapsed ICS-209-PLUS Fire-Days by the Task B target-construction pipeline,yes,Blank means the construction input or audit value was unavailable; it is not interpreted as zero.,no
targets,current_source_report_id,string,target construction audit field,Representative source report identifier for the current Fire-Day.,not applicable,Derived from consecutive collapsed ICS-209-PLUS Fire-Days by the Task B target-construction pipeline,yes,Blank means the construction input or audit value was unavailable; it is not interpreted as zero.,no
targets,target_source_report_id,string,target construction audit field,Representative source report identifier for the next-report Fire-Day.,not applicable,Derived from consecutive collapsed ICS-209-PLUS Fire-Days by the Task B target-construction pipeline,yes,Blank means no subsequent same-incident report was available to supply this provenance field.,no
targets,current_personnel_source_report_id,string,target construction audit field,Source report identifier supplying the current personnel endpoint.,not applicable,Derived from consecutive collapsed ICS-209-PLUS Fire-Days by the Task B target-construction pipeline,yes,Blank means the construction input or audit value was unavailable; it is not interpreted as zero.,no
targets,target_personnel_source_report_id,string,target construction audit field,Source report identifier supplying the next-report personnel endpoint.,not applicable,Derived from consecutive collapsed ICS-209-PLUS Fire-Days by the Task B target-construction pipeline,yes,Blank means no subsequent same-incident report was available to supply this provenance field.,no
targets,same_day_collapse_status,object,target construction audit field,Same-day consolidation method used for the current Fire-Day.,not applicable,Derived from consecutive collapsed ICS-209-PLUS Fire-Days by the Task B target-construction pipeline,yes,Blank means the construction input or audit value was unavailable; it is not interpreted as zero.,no
targets,current_source_row_ids,object,target construction audit field,Pipe-delimited source-row indexes contributing to the current Fire-Day.,not applicable,Derived from consecutive collapsed ICS-209-PLUS Fire-Days by the Task B target-construction pipeline,yes,Blank means the construction input or audit value was unavailable; it is not interpreted as zero.,no
targets,target_source_row_ids,object,target construction audit field,Pipe-delimited source-row indexes contributing to the next-report Fire-Day.,not applicable,Derived from consecutive collapsed ICS-209-PLUS Fire-Days by the Task B target-construction pipeline,yes,Blank means no subsequent same-incident report was available to supply this provenance field.,no
