metric,value,description
release_scope,CONUS wildfire Fire-Day records with complete feature construction,"Alaska, Hawaii, missing-state records, and one uncovered Florida incident were excluded before release."
rows,33303,Number of unique Fire-Day samples.
columns,216,Number of columns in the integrated main table.
unique_incidents,5728,Distinct wildfire incidents.
date_min,2017-01-01,Earliest Fire-Day date.
date_max,2020-12-31,Latest Fire-Day date.
rows_2017,10611,Fire-Day samples in 2017.
rows_2018,8949,Fire-Day samples in 2018.
rows_2019,4670,Fire-Day samples in 2019.
rows_2020,9073,Fire-Day samples in 2020.
eligible_state_understanding,33282,Samples passing the state-understanding eligibility check.
eligible_daily_personnel,22476,Samples with a consecutive next-day personnel target.
eligible_daily_cost,20511,Samples with an eligible consecutive next-day daily-cost target.
eligible_resource_action,20803,Samples with an eligible next-day resource-action label.
resource_action_escalate,4968,Eligible escalate labels.
resource_action_maintain,8483,Eligible maintain labels.
resource_action_drawdown,7352,Eligible drawdown labels.
