field,table,role,definition,unit,missing_value_semantics,source_or_derivation
incident_id,both,immutable key,Incident id.,not applicable or source-defined,Blank/NA means unavailable or not computable; it is never an observed zero.,ICS-209-PLUS or deterministic Fire-Day construction
fire_day_date,both,immutable key,Calendar date derived from the local REPORT_TO_DATE value.,not applicable or source-defined,Blank/NA means unavailable or not computable; it is never an observed zero.,ICS-209-PLUS or deterministic Fire-Day construction
incident_name,fire_day_features_2017to2020.csv,current Fire-Day evidence,Incident name.,not applicable or source-defined,Blank/NA means unavailable or not computable; it is never an observed zero.,ICS-209-PLUS or deterministic Fire-Day construction
incident_type,fire_day_features_2017to2020.csv,current Fire-Day evidence,Incident type.,not applicable or source-defined,Blank/NA means unavailable or not computable; it is never an observed zero.,ICS-209-PLUS or deterministic Fire-Day construction
poo_state,fire_day_features_2017to2020.csv,current Fire-Day evidence,Poo state.,not applicable or source-defined,Blank/NA means unavailable or not computable; it is never an observed zero.,ICS-209-PLUS or deterministic Fire-Day construction
poo_state_name,fire_day_features_2017to2020.csv,current Fire-Day evidence,Poo state name.,not applicable or source-defined,Blank/NA means unavailable or not computable; it is never an observed zero.,ICS-209-PLUS or deterministic Fire-Day construction
latitude,fire_day_features_2017to2020.csv,current Fire-Day evidence,Latitude.,decimal degrees,Blank/NA means unavailable or not computable; it is never an observed zero.,ICS-209-PLUS or deterministic Fire-Day construction
longitude,fire_day_features_2017to2020.csv,current Fire-Day evidence,Longitude.,decimal degrees,Blank/NA means unavailable or not computable; it is never an observed zero.,ICS-209-PLUS or deterministic Fire-Day construction
discovery_date,fire_day_features_2017to2020.csv,current Fire-Day evidence,Discovery date.,not applicable or source-defined,Blank/NA means unavailable or not computable; it is never an observed zero.,ICS-209-PLUS or deterministic Fire-Day construction
fire_age_days,fire_day_features_2017to2020.csv,current/backward-derived evidence,Fire age days.,calendar days,Blank/NA means unavailable or not computable; it is never an observed zero.,Derived from current and preceding ICS-209 Fire-Days only
report_to_timestamp,fire_day_features_2017to2020.csv,current Fire-Day evidence,Report to timestamp.,not applicable or source-defined,Blank/NA means unavailable or not computable; it is never an observed zero.,ICS-209-PLUS or deterministic Fire-Day construction
report_from_timestamp,fire_day_features_2017to2020.csv,current Fire-Day evidence,Report from timestamp.,not applicable or source-defined,Blank/NA means unavailable or not computable; it is never an observed zero.,ICS-209-PLUS or deterministic Fire-Day construction
source_report_count,fire_day_features_2017to2020.csv,source provenance,Number of same-incident same-date SitReps collapsed into the Fire-Day.,not applicable or source-defined,Blank/NA means unavailable or not computable; it is never an observed zero.,ICS-209-PLUS or deterministic Fire-Day construction
source_report_ids,fire_day_features_2017to2020.csv,source provenance,JSON list of source INC209R identifiers contributing to the Fire-Day.,not applicable or source-defined,Blank/NA means unavailable or not computable; it is never an observed zero.,ICS-209-PLUS or deterministic Fire-Day construction
source_row_ids,fire_day_features_2017to2020.csv,source provenance,Source row ids.,not applicable or source-defined,Blank/NA means unavailable or not computable; it is never an observed zero.,ICS-209-PLUS or deterministic Fire-Day construction
primary_source_report_id,fire_day_features_2017to2020.csv,source provenance,ICS-209 source-report identifier supplying the retained `primary` value.,not applicable or source-defined,Blank/NA means unavailable or not computable; it is never an observed zero.,ICS-209-PLUS or deterministic Fire-Day construction
same_day_core_conflict,fire_day_features_2017to2020.csv,current Fire-Day evidence,Whether target-relevant same-day reports contained conflicting valid values.,not applicable or source-defined,Blank/NA means unavailable or not computable; it is never an observed zero.,ICS-209-PLUS or deterministic Fire-Day construction
same_day_conflict_fields,fire_day_features_2017to2020.csv,current Fire-Day evidence,Same day conflict fields.,not applicable or source-defined,Blank/NA means unavailable or not computable; it is never an observed zero.,ICS-209-PLUS or deterministic Fire-Day construction
previous_fire_day_date,fire_day_features_2017to2020.csv,current/backward-derived evidence,Value of `fire_day_date` at the most recent preceding observed Fire-Day.,not applicable or source-defined,Blank/NA means unavailable or not computable; it is never an observed zero.,Derived from current and preceding ICS-209 Fire-Days only
calendar_gap_days,fire_day_features_2017to2020.csv,current/backward-derived evidence,Calendar-day gap from the immediately preceding observed Fire-Day.,calendar days,Blank/NA means unavailable or not computable; it is never an observed zero.,Derived from current and preceding ICS-209 Fire-Days only
acres,fire_day_features_2017to2020.csv,current Fire-Day evidence,Acres.,acres,Blank/NA means unavailable or not computable; it is never an observed zero.,ICS-209-PLUS or deterministic Fire-Day construction
previous_acres,fire_day_features_2017to2020.csv,current/backward-derived evidence,Value of `acres` at the most recent preceding observed Fire-Day.,acres,Blank/NA means unavailable or not computable; it is never an observed zero.,Derived from current and preceding ICS-209 Fire-Days only
new_acres,fire_day_features_2017to2020.csv,current/backward-derived evidence,Current reported acres minus preceding reported acres when the interval is comparable.,acres,Blank/NA means unavailable or not computable; it is never an observed zero.,Derived from current and preceding ICS-209 Fire-Days only
relative_area_growth,fire_day_features_2017to2020.csv,current/backward-derived evidence,"new_acres divided by max(previous_acres, 1).",ratio,Blank/NA means unavailable or not computable; it is never an observed zero.,Derived from current and preceding ICS-209 Fire-Days only
area_interval_status,fire_day_features_2017to2020.csv,current Fire-Day evidence,Area interval status.,not applicable or source-defined,Blank/NA means unavailable or not computable; it is never an observed zero.,ICS-209-PLUS or deterministic Fire-Day construction
containment,fire_day_features_2017to2020.csv,current Fire-Day evidence,Containment.,percentage points,Blank/NA means unavailable or not computable; it is never an observed zero.,ICS-209-PLUS or deterministic Fire-Day construction
previous_containment,fire_day_features_2017to2020.csv,current/backward-derived evidence,Value of `containment` at the most recent preceding observed Fire-Day.,percentage points,Blank/NA means unavailable or not computable; it is never an observed zero.,Derived from current and preceding ICS-209 Fire-Days only
containment_gain,fire_day_features_2017to2020.csv,current/backward-derived evidence,Current containment minus preceding containment in percentage points.,percentage points,Blank/NA means unavailable or not computable; it is never an observed zero.,Derived from current and preceding ICS-209 Fire-Days only
total_personnel,fire_day_features_2017to2020.csv,current Fire-Day evidence,Total personnel.,persons assigned,Blank/NA means unavailable or not computable; it is never an observed zero.,ICS-209-PLUS or deterministic Fire-Day construction
previous_total_personnel,fire_day_features_2017to2020.csv,current/backward-derived evidence,Value of `total_personnel` at the most recent preceding observed Fire-Day.,persons assigned,Blank/NA means unavailable or not computable; it is never an observed zero.,Derived from current and preceding ICS-209 Fire-Days only
personnel_delta,fire_day_features_2017to2020.csv,current/backward-derived evidence,Current assigned personnel minus preceding assigned personnel.,persons assigned,Blank/NA means unavailable or not computable; it is never an observed zero.,Derived from current and preceding ICS-209 Fire-Days only
personnel_pct_change,fire_day_features_2017to2020.csv,current/backward-derived evidence,Personnel delta divided by preceding personnel when preceding personnel is positive.,ratio,Blank/NA means unavailable or not computable; it is never an observed zero.,Derived from current and preceding ICS-209 Fire-Days only
personnel_interval_status,fire_day_features_2017to2020.csv,current Fire-Day evidence,Personnel interval status.,not applicable or source-defined,Blank/NA means unavailable or not computable; it is never an observed zero.,ICS-209-PLUS or deterministic Fire-Day construction
cumulative_cost_usd,fire_day_features_2017to2020.csv,current Fire-Day evidence,Cumulative cost usd.,"USD, as reported",Blank/NA means unavailable or not computable; it is never an observed zero.,ICS-209-PLUS or deterministic Fire-Day construction
previous_cumulative_cost_usd,fire_day_features_2017to2020.csv,current/backward-derived evidence,Value of `cumulative_cost_usd` at the most recent preceding observed Fire-Day.,"USD, as reported",Blank/NA means unavailable or not computable; it is never an observed zero.,Derived from current and preceding ICS-209 Fire-Days only
cost_increment_usd,fire_day_features_2017to2020.csv,current/backward-derived evidence,Non-negative change in reported cumulative estimated incident cost.,USD per report interval,Blank/NA means unavailable or not computable; it is never an observed zero.,Derived from current and preceding ICS-209 Fire-Days only
average_daily_cost_usd,fire_day_features_2017to2020.csv,current/backward-derived evidence,Valid cost increment divided by the observed calendar gap.,USD per calendar day,Blank/NA means unavailable or not computable; it is never an observed zero.,Derived from current and preceding ICS-209 Fire-Days only
cost_interval_status,fire_day_features_2017to2020.csv,current Fire-Day evidence,Cost interval status.,not applicable or source-defined,Blank/NA means unavailable or not computable; it is never an observed zero.,ICS-209-PLUS or deterministic Fire-Day construction
wf_fsr,fire_day_features_2017to2020.csv,current Fire-Day evidence,Wf fsr.,not applicable or source-defined,Blank/NA means unavailable or not computable; it is never an observed zero.,ICS-209-PLUS or deterministic Fire-Day construction
gen_fire_behavior,fire_day_features_2017to2020.csv,current Fire-Day evidence,Gen fire behavior.,not applicable or source-defined,Blank/NA means unavailable or not computable; it is never an observed zero.,ICS-209-PLUS or deterministic Fire-Day construction
fire_behavior_1,fire_day_features_2017to2020.csv,current Fire-Day evidence,Fire behavior 1.,not applicable or source-defined,Blank/NA means unavailable or not computable; it is never an observed zero.,ICS-209-PLUS or deterministic Fire-Day construction
fire_behavior_2,fire_day_features_2017to2020.csv,current Fire-Day evidence,Fire behavior 2.,not applicable or source-defined,Blank/NA means unavailable or not computable; it is never an observed zero.,ICS-209-PLUS or deterministic Fire-Day construction
fire_behavior_3,fire_day_features_2017to2020.csv,current Fire-Day evidence,Fire behavior 3.,not applicable or source-defined,Blank/NA means unavailable or not computable; it is never an observed zero.,ICS-209-PLUS or deterministic Fire-Day construction
fb_crowning,fire_day_features_2017to2020.csv,current Fire-Day evidence,Normalized ICS-209 fire-behavior indicator retained from the current report.,not applicable or source-defined,Blank/NA means unavailable or not computable; it is never an observed zero.,ICS-209-PLUS or deterministic Fire-Day construction
fb_extreme,fire_day_features_2017to2020.csv,current Fire-Day evidence,Normalized ICS-209 fire-behavior indicator retained from the current report.,not applicable or source-defined,Blank/NA means unavailable or not computable; it is never an observed zero.,ICS-209-PLUS or deterministic Fire-Day construction
fb_running,fire_day_features_2017to2020.csv,current Fire-Day evidence,Normalized ICS-209 fire-behavior indicator retained from the current report.,not applicable or source-defined,Blank/NA means unavailable or not computable; it is never an observed zero.,ICS-209-PLUS or deterministic Fire-Day construction
fb_spotting,fire_day_features_2017to2020.csv,current Fire-Day evidence,Normalized ICS-209 fire-behavior indicator retained from the current report.,not applicable or source-defined,Blank/NA means unavailable or not computable; it is never an observed zero.,ICS-209-PLUS or deterministic Fire-Day construction
fb_torching,fire_day_features_2017to2020.csv,current Fire-Day evidence,Normalized ICS-209 fire-behavior indicator retained from the current report.,not applicable or source-defined,Blank/NA means unavailable or not computable; it is never an observed zero.,ICS-209-PLUS or deterministic Fire-Day construction
fb_wind_driven,fire_day_features_2017to2020.csv,current Fire-Day evidence,Normalized ICS-209 fire-behavior indicator retained from the current report.,not applicable or source-defined,Blank/NA means unavailable or not computable; it is never an observed zero.,ICS-209-PLUS or deterministic Fire-Day construction
matched_behavior_evidence,fire_day_features_2017to2020.csv,current Fire-Day evidence,Matched behavior evidence.,not applicable or source-defined,Blank/NA means unavailable or not computable; it is never an observed zero.,ICS-209-PLUS or deterministic Fire-Day construction
firms_count_5km,fire_day_features_2017to2020.csv,current Fire-Day evidence,Same-day VIIRS FIRMS detection count within 5 km of incident coordinates.,VIIRS detections,Blank/NA means unavailable or not computable; it is never an observed zero.,"NASA FIRMS VIIRS, same acquisition date and <=5 km"
firms_frp_sum_5km,fire_day_features_2017to2020.csv,current Fire-Day evidence,Sum of reported FRP for same-day VIIRS detections within 5 km.,MW,Blank/NA means unavailable or not computable; it is never an observed zero.,"NASA FIRMS VIIRS, same acquisition date and <=5 km"
firms_frp_observation_count_5km,fire_day_features_2017to2020.csv,current Fire-Day evidence,Firms frp observation count 5km.,not applicable or source-defined,Blank/NA means unavailable or not computable; it is never an observed zero.,"NASA FIRMS VIIRS, same acquisition date and <=5 km"
firms_nearest_detection_km,fire_day_features_2017to2020.csv,current Fire-Day evidence,Firms nearest detection km.,km,Blank/NA means unavailable or not computable; it is never an observed zero.,"NASA FIRMS VIIRS, same acquisition date and <=5 km"
firms_match_status,fire_day_features_2017to2020.csv,current Fire-Day evidence,Firms match status.,not applicable or source-defined,Blank/NA means unavailable or not computable; it is never an observed zero.,"NASA FIRMS VIIRS, same acquisition date and <=5 km"
acres_source_report_id,fire_day_features_2017to2020.csv,source provenance,ICS-209 source-report identifier supplying the retained `acres` value.,not applicable or source-defined,Blank/NA means unavailable or not computable; it is never an observed zero.,ICS-209-PLUS or deterministic Fire-Day construction
containment_source_report_id,fire_day_features_2017to2020.csv,source provenance,ICS-209 source-report identifier supplying the retained `containment` value.,not applicable or source-defined,Blank/NA means unavailable or not computable; it is never an observed zero.,ICS-209-PLUS or deterministic Fire-Day construction
total_personnel_source_report_id,fire_day_features_2017to2020.csv,source provenance,ICS-209 source-report identifier supplying the retained `total_personnel` value.,not applicable or source-defined,Blank/NA means unavailable or not computable; it is never an observed zero.,ICS-209-PLUS or deterministic Fire-Day construction
cumulative_cost_usd_source_report_id,fire_day_features_2017to2020.csv,source provenance,ICS-209 source-report identifier supplying the retained `cumulative_cost_usd` value.,not applicable or source-defined,Blank/NA means unavailable or not computable; it is never an observed zero.,ICS-209-PLUS or deterministic Fire-Day construction
wf_fsr_source_report_id,fire_day_features_2017to2020.csv,source provenance,ICS-209 source-report identifier supplying the retained `wf_fsr` value.,not applicable or source-defined,Blank/NA means unavailable or not computable; it is never an observed zero.,ICS-209-PLUS or deterministic Fire-Day construction
gen_fire_behavior_source_report_id,fire_day_features_2017to2020.csv,source provenance,ICS-209 source-report identifier supplying the retained `gen_fire_behavior` value.,not applicable or source-defined,Blank/NA means unavailable or not computable; it is never an observed zero.,ICS-209-PLUS or deterministic Fire-Day construction
fire_behavior_1_source_report_id,fire_day_features_2017to2020.csv,source provenance,ICS-209 source-report identifier supplying the retained `fire_behavior_1` value.,not applicable or source-defined,Blank/NA means unavailable or not computable; it is never an observed zero.,ICS-209-PLUS or deterministic Fire-Day construction
fire_behavior_2_source_report_id,fire_day_features_2017to2020.csv,source provenance,ICS-209 source-report identifier supplying the retained `fire_behavior_2` value.,not applicable or source-defined,Blank/NA means unavailable or not computable; it is never an observed zero.,ICS-209-PLUS or deterministic Fire-Day construction
fire_behavior_3_source_report_id,fire_day_features_2017to2020.csv,source provenance,ICS-209 source-report identifier supplying the retained `fire_behavior_3` value.,not applicable or source-defined,Blank/NA means unavailable or not computable; it is never an observed zero.,ICS-209-PLUS or deterministic Fire-Day construction
stage1_eligible,automatic_prelabels.csv,annotation audit metadata,Stage1 eligible.,not applicable or source-defined,Blank/NA means unavailable or not computable; it is never an observed zero.,Frozen Stage 1 rules or deterministic review routing
stage1_ineligibility_reason,automatic_prelabels.csv,annotation audit metadata,Stage1 ineligibility reason.,not applicable or source-defined,Blank/NA means unavailable or not computable; it is never an observed zero.,Frozen Stage 1 rules or deterministic review routing
raw_rule_label,automatic_prelabels.csv,automatic Stage 1 annotation,Lifecycle state produced directly by the frozen priority rules.,not applicable or source-defined,Blank/NA means unavailable or not computable; it is never an observed zero.,Frozen Stage 1 rules or deterministic review routing
provisional_lifecycle_label,automatic_prelabels.csv,automatic Stage 1 annotation,Raw rule state after deterministic temporal-consistency adjustment.,not applicable or source-defined,Blank/NA means unavailable or not computable; it is never an observed zero.,Frozen Stage 1 rules or deterministic review routing
rule_confidence,automatic_prelabels.csv,automatic Stage 1 annotation,Rule-based review-routing confidence; not a calibrated probability.,unitless review-routing score,Blank/NA means unavailable or not computable; it is never an observed zero.,Frozen Stage 1 rules or deterministic review routing
transition_flag,automatic_prelabels.csv,automatic Stage 1 annotation,Temporal relationship or adjustment applied to the provisional state.,not applicable or source-defined,Blank/NA means unavailable or not computable; it is never an observed zero.,Frozen Stage 1 rules or deterministic review routing
previous_provisional_label,automatic_prelabels.csv,automatic Stage 1 annotation,Value of `provisional_label` at the most recent preceding observed Fire-Day.,not applicable or source-defined,Blank/NA means unavailable or not computable; it is never an observed zero.,Frozen Stage 1 rules or deterministic review routing
raw_stage_delta,automatic_prelabels.csv,automatic Stage 1 annotation,Raw stage delta.,not applicable or source-defined,Blank/NA means unavailable or not computable; it is never an observed zero.,Frozen Stage 1 rules or deterministic review routing
triggered_rule,automatic_prelabels.csv,automatic Stage 1 annotation,Triggered rule.,not applicable or source-defined,Blank/NA means unavailable or not computable; it is never an observed zero.,Frozen Stage 1 rules or deterministic review routing
triggered_signals,automatic_prelabels.csv,automatic Stage 1 annotation,JSON list of activated evidence signals.,not applicable or source-defined,Blank/NA means unavailable or not computable; it is never an observed zero.,Frozen Stage 1 rules or deterministic review routing
missing_core_evidence,automatic_prelabels.csv,annotation audit metadata,Whether one or more core evidence fields are missing.,not applicable or source-defined,Blank/NA means unavailable or not computable; it is never an observed zero.,Frozen Stage 1 rules or deterministic review routing
missing_core_fields,automatic_prelabels.csv,annotation audit metadata,Missing core fields.,not applicable or source-defined,Blank/NA means unavailable or not computable; it is never an observed zero.,Frozen Stage 1 rules or deterministic review routing
conflicting_evidence,automatic_prelabels.csv,annotation audit metadata,Whether source or rule evidence is internally conflicting.,not applicable or source-defined,Blank/NA means unavailable or not computable; it is never an observed zero.,Frozen Stage 1 rules or deterministic review routing
conflict_reasons,automatic_prelabels.csv,annotation audit metadata,Conflict reasons.,not applicable or source-defined,Blank/NA means unavailable or not computable; it is never an observed zero.,Frozen Stage 1 rules or deterministic review routing
rapid_growth,automatic_prelabels.csv,automatic evidence signal,Rapid growth.,not applicable or source-defined,Blank/NA means unavailable or not computable; it is never an observed zero.,Frozen Stage 1 rules or deterministic review routing
intense_firms,automatic_prelabels.csv,automatic evidence signal,Intense firms.,not applicable or source-defined,Blank/NA means unavailable or not computable; it is never an observed zero.,Frozen Stage 1 rules or deterministic review routing
active_firms,automatic_prelabels.csv,automatic evidence signal,Active firms.,not applicable or source-defined,Blank/NA means unavailable or not computable; it is never an observed zero.,Frozen Stage 1 rules or deterministic review routing
high_severity_behavior,automatic_prelabels.csv,automatic evidence signal,High severity behavior.,not applicable or source-defined,Blank/NA means unavailable or not computable; it is never an observed zero.,Frozen Stage 1 rules or deterministic review routing
resource_surge,automatic_prelabels.csv,automatic evidence signal,Resource surge.,not applicable or source-defined,Blank/NA means unavailable or not computable; it is never an observed zero.,Frozen Stage 1 rules or deterministic review routing
low_activity,automatic_prelabels.csv,automatic evidence signal,Low activity.,not applicable or source-defined,Blank/NA means unavailable or not computable; it is never an observed zero.,Frozen Stage 1 rules or deterministic review routing
low_activity_unknown,automatic_prelabels.csv,automatic evidence signal,Low activity unknown.,not applicable or source-defined,Blank/NA means unavailable or not computable; it is never an observed zero.,Frozen Stage 1 rules or deterministic review routing
resource_drawdown,automatic_prelabels.csv,automatic evidence signal,Resource drawdown.,not applicable or source-defined,Blank/NA means unavailable or not computable; it is never an observed zero.,Frozen Stage 1 rules or deterministic review routing
escalation_signal,automatic_prelabels.csv,automatic evidence signal,Escalation signal.,not applicable or source-defined,Blank/NA means unavailable or not computable; it is never an observed zero.,Frozen Stage 1 rules or deterministic review routing
review_required,automatic_prelabels.csv,expert-review routing,Whether the Fire-Day is routed to Stage 2 expert review.,not applicable or source-defined,Blank/NA means unavailable or not computable; it is never an observed zero.,Frozen Stage 1 rules or deterministic review routing
review_queue_reason,automatic_prelabels.csv,expert-review routing,Pipe-delimited automatic reasons for Stage 2 review routing.,not applicable or source-defined,Blank/NA means unavailable or not computable; it is never an observed zero.,Frozen Stage 1 rules or deterministic review routing
review_sampling_stratum,automatic_prelabels.csv,expert-review routing,Review sampling stratum.,not applicable or source-defined,Blank/NA means unavailable or not computable; it is never an observed zero.,Frozen Stage 1 rules or deterministic review routing
rule_version,automatic_prelabels.csv,annotation audit metadata,Rule version.,not applicable or source-defined,Blank/NA means unavailable or not computable; it is never an observed zero.,Frozen Stage 1 rules or deterministic review routing
input_data_checksum,automatic_prelabels.csv,annotation audit metadata,Input data checksum.,not applicable or source-defined,Blank/NA means unavailable or not computable; it is never an observed zero.,Frozen Stage 1 rules or deterministic review routing
labeling_timestamp,automatic_prelabels.csv,annotation audit metadata,Labeling timestamp.,not applicable or source-defined,Blank/NA means unavailable or not computable; it is never an observed zero.,Frozen Stage 1 rules or deterministic review routing
