review_case_id,incident_id,previous_fire_day_date,fire_day_date,previous_final_lifecycle_label,current_final_lifecycle_label,sequence_anomaly_type,current_final_label_source,rapid_growth,intense_firms,active_firms,high_severity_behavior,resource_surge,provisional_lifecycle_label,final_lifecycle_label,final_label_source,primary_review_action,primary_review_label,primary_reason_code,primary_rationale,secondary_review_action,secondary_review_label,secondary_reason_code,secondary_rationale,reviewer_agreement_flag,adjudication_required,adjudication_action,adjudicated_label,adjudication_reason_code,adjudication_rationale,evidence_incident_name,evidence_incident_type,evidence_poo_state,evidence_poo_state_name,evidence_latitude,evidence_longitude,evidence_discovery_date,evidence_fire_age_days,evidence_report_to_timestamp,evidence_report_from_timestamp,evidence_source_report_count,evidence_source_report_ids,evidence_source_row_ids,evidence_primary_source_report_id,evidence_same_day_core_conflict,evidence_same_day_conflict_fields,evidence_previous_fire_day_date,evidence_calendar_gap_days,evidence_acres,evidence_previous_acres,evidence_new_acres,evidence_relative_area_growth,evidence_area_interval_status,evidence_containment,evidence_previous_containment,evidence_containment_gain,evidence_total_personnel,evidence_previous_total_personnel,evidence_personnel_delta,evidence_personnel_pct_change,evidence_personnel_interval_status,evidence_cumulative_cost_usd,evidence_previous_cumulative_cost_usd,evidence_cost_increment_usd,evidence_average_daily_cost_usd,evidence_cost_interval_status,evidence_wf_fsr,evidence_gen_fire_behavior,evidence_fire_behavior_1,evidence_fire_behavior_2,evidence_fire_behavior_3,evidence_fb_crowning,evidence_fb_extreme,evidence_fb_running,evidence_fb_spotting,evidence_fb_torching,evidence_fb_wind_driven,evidence_matched_behavior_evidence,evidence_firms_count_5km,evidence_firms_frp_sum_5km,evidence_firms_frp_observation_count_5km,evidence_firms_nearest_detection_km,evidence_firms_match_status,evidence_acres_source_report_id,evidence_containment_source_report_id,evidence_total_personnel_source_report_id,evidence_cumulative_cost_usd_source_report_id,evidence_wf_fsr_source_report_id,evidence_gen_fire_behavior_source_report_id,evidence_fire_behavior_1_source_report_id,evidence_fire_behavior_2_source_report_id,evidence_fire_behavior_3_source_report_id
taskA::2017_7147648_YARBOROUGH RIDGE::2017-02-16,2017_7147648_YARBOROUGH RIDGE,2017-02-15,2017-02-16,extended_attack,initial_attack,unsupported_backward_transition,reviewer_consensus,0,0,0,0,0,initial_attack,initial_attack,reviewer_consensus,accept,initial_attack,accept_initial_supported,"Early low-intensity attack evidence is consistent: fire_age_days=3, acres=265, containment=70, new_acres=0, and no direct growth, intense FIRMS, severe behavior, or personnel surge.",accept,initial_attack,supported_provisional_label,"Accepted initial_attack: fire_age_days=3, acres=265, containment=70%, with no observed escalation signal.",1,0,not_required,,,,Yarborough Ridge,Wildfire,FL,FLORIDA,30.56356,-82.42488,2017-02-13,3.0,2017-02-16 15:30:00,2017-02-15 15:30:00,1,"[""7147687""]",[142862],7147687,False,[],2017-02-15,1.0,265.0,265.0,0.0,0.0,valid,70.0,70.0,0.0,43.0,42.0,1.0,0.023809523809523808,valid,100000.0,70000.0,30000.0,30000.0,valid,0.0,Minimal,Smoldering,Creeping,,,,,,,,[],0,0.0,0,,observed_no_detections,7147687,7147687,7147687,7147687,7147687,7147687,7147687,7147687,
taskA::2017_7188114_MEYERS::2017-07-18,2017_7188114_MEYERS,2017-07-17,2017-07-18,extended_attack,rapid_escalation,unsupported_backward_transition,reviewer_consensus,0,0,0,0,0,rapid_escalation,rapid_escalation,reviewer_consensus,accept,rapid_escalation,accept_rapid_supported,"Rapid escalation is supported by fire_behavior_1=Torching; fire_behavior_2=Short-range Spotting; matched_behavior_evidence=[""fire_behavior_1:Torching"",""fire_behavior_2:Short-range Spotting""] with current containment=0; these are current or backward-looking signals.",accept,rapid_escalation,supported_provisional_label,Accepted rapid_escalation: containment=0% and current escalation evidence is observed: fire_behavior_1=Torching; fire_behavior_2=Short-range Spotting.,1,0,not_required,,,,Meyers,Wildfire,MT,MONTANA,45.99527,-113.5796,2017-07-14,4.0,2017-07-18 17:30:00,2017-07-17 17:30:00,1,"[""7188193""]",[144835],7188193,False,[],2017-07-17,1.0,69.0,69.0,0.0,0.0,valid,0.0,0.0,0.0,31.0,30.5,0.5,0.01639344262295082,valid,210000.0,187000.0,23000.0,23000.0,valid,0.0,Moderate,Torching,Short-range Spotting,,,,,,,,"[""fire_behavior_1:Torching"",""fire_behavior_2:Short-range Spotting""]",1,4.68,1,0.08320745264408246,matched_detections,7188193,7188193,7188193,7188193,7188193,7188193,7188193,7188193,
taskA::2017_7207253_STEEN RD::2017-04-03,2017_7207253_STEEN RD,2017-04-02,2017-04-03,extended_attack,initial_attack,unsupported_backward_transition,reviewer_consensus,0,0,0,0,0,initial_attack,initial_attack,reviewer_consensus,accept,initial_attack,accept_initial_supported,"Early low-intensity attack evidence is consistent: fire_age_days=2, acres=150, containment=50, new_acres=0, and no direct growth, intense FIRMS, severe behavior, or personnel surge.",accept,initial_attack,supported_provisional_label,"Accepted initial_attack: fire_age_days=2, acres=150, containment=50%, with no observed escalation signal.",1,0,not_required,,,,Steen Rd,Wildfire,FL,FLORIDA,30.58806,-83.7975,2017-04-01,2.0,2017-04-03 13:00:00,2017-04-03 09:00:00,1,"[""7207254""]",[145592],7207254,False,[],2017-04-02,1.0,150.0,150.0,0.0,0.0,valid,50.0,50.0,0.0,2.0,2.0,0.0,0.0,valid,,,,,missing_previous_endpoint,0.0,Minimal,,,,,,,,,,[],0,0.0,0,,observed_no_detections,7207254,7207254,7207254,,7207254,7207254,,,
taskA::2017_7311454_DELANO::2017-08-06,2017_7311454_DELANO,2017-08-05,2017-08-06,rapid_escalation,containment,forward_phase_skip,reviewer_consensus,0,0,0,0,0,containment,containment,reviewer_consensus,accept,containment,accept_containment_supported,"Containment is supported by containment=80 and containment_gain=10; direct_growth=false, intense_FIRMS=false, and severe_behavior=false.",accept,containment,supported_provisional_label,Accepted containment: containment=80% and containment_gain=10.0; no rapid-growth or intense-FIRMS trigger is observed.,1,0,not_required,,,,Delano,Wildfire,NV,NEVADA,41.62107,-114.2371,2017-08-01,5.0,2017-08-06 18:45:00,2017-08-05 19:00:00,1,"[""7311543""]",[150120],7311543,False,[],2017-08-05,1.0,15080.0,15080.0,0.0,0.0,valid,80.0,70.0,10.0,143.85714285714286,162.4047619047619,-18.547619047619037,-0.11420612813370468,valid,2285985.0,2096000.0,189985.0,189985.0,valid,0.0,Minimal,Smoldering,,,,,,,,,[],0,0.0,0,,observed_no_detections,7311543,7311543,7311543,7311543,7311543,7311543,7311543,,
taskA::2017_7341854_FISHER::2017-04-06,2017_7341854_FISHER,2017-04-05,2017-04-06,extended_attack,initial_attack,unsupported_backward_transition,reviewer_consensus,0,0,0,0,0,initial_attack,initial_attack,reviewer_consensus,accept,initial_attack,accept_initial_supported,"Early low-intensity attack evidence is consistent: fire_age_days=3, acres=100, containment=0, new_acres=0, and no direct growth, intense FIRMS, severe behavior, or personnel surge.",accept,initial_attack,supported_provisional_label,"Accepted initial_attack: fire_age_days=3, acres=100, containment=0%, with no observed escalation signal.",1,0,not_required,,,,Fisher,Wildfire,AZ,ARIZONA,34.4712,-110.8321,2017-04-03,3.0,2017-04-06 17:00:00,2017-04-05 17:00:00,1,"[""7341890""]",[151413],7341890,False,[],2017-04-05,1.0,100.0,100.0,0.0,0.0,valid,0.0,0.0,0.0,3.0,3.0,0.0,0.0,valid,5600.0,5000.0,600.0,600.0,valid,0.0,Minimal,,,,,,,,,,[],0,0.0,0,,observed_no_detections,7341890,7341890,7341890,7341890,7341890,7341890,,,
taskA::2018_9016927_OLD BLADE LINE (53)::2018-03-27,2018_9016927_OLD BLADE LINE (53),2018-03-26,2018-03-27,extended_attack,initial_attack,unsupported_backward_transition,reviewer_consensus,0,0,0,0,0,rapid_escalation,initial_attack,reviewer_consensus,correct,initial_attack,correct_to_initial_supported,"Early low-intensity attack evidence is consistent: fire_age_days=3, acres=450, containment=40, new_acres=0, and no direct growth, intense FIRMS, severe behavior, or personnel surge.",correct,initial_attack,temporal_inconsistency,"Corrected provisional_lifecycle_label=rapid_escalation to initial_attack: fire_age_days=3, acres=450, containment=40%, with no observed escalation signal.",1,0,not_required,,,,OLD BLADE LINE (53),Wildfire,FL,FLORIDA,27.86,-81.43,2018-03-24,3.0,2018-03-27 23:00:00,2018-03-27 10:00:00,1,"[""9016938""]",[154702],9016938,False,[],2018-03-26,1.0,450.0,450.0,0.0,0.0,valid,40.0,50.0,-10.0,0.0,0.0,0.0,,zero_previous_personnel,67707.0,35396.0,32311.0,32311.0,valid,0.0,Moderate,,,,,,,,,,[],0,0.0,0,,observed_no_detections,9016938,9016938,9016938,9016938,9016938,9016938,,,
taskA::2018_9035697_CLEAR LAKE::2018-03-12,2018_9035697_CLEAR LAKE,2018-03-11,2018-03-12,extended_attack,initial_attack,unsupported_backward_transition,reviewer_consensus,0,0,0,0,0,initial_attack,initial_attack,reviewer_consensus,accept,initial_attack,accept_initial_supported,"Early low-intensity attack evidence is consistent: fire_age_days=3, acres=452, containment=50, new_acres=0, and no direct growth, intense FIRMS, severe behavior, or personnel surge.",accept,initial_attack,supported_provisional_label,"Accepted initial_attack: fire_age_days=3, acres=452, containment=50%, with no observed escalation signal.",1,0,not_required,,,,Clear Lake,Wildfire,FL,FLORIDA,30.33,-84.42,2018-03-09,3.0,2018-03-12 18:00:00,2018-03-11 16:00:00,1,"[""9035738""]",[155723],9035738,False,[],2018-03-11,1.0,452.0,452.0,0.0,0.0,valid,50.0,50.0,0.0,25.0,21.0,4.0,0.19047619047619047,valid,38000.0,28000.0,10000.0,10000.0,valid,0.0,Moderate,Creeping,Smoldering,,,,,,,,[],0,0.0,0,,observed_no_detections,9035738,9035738,9035738,9035738,9035738,9035738,9035738,9035738,
taskA::2018_9044976_JON::2018-03-09,2018_9044976_JON,2018-03-08,2018-03-09,extended_attack,initial_attack,unsupported_backward_transition,reviewer_consensus,0,0,0,0,0,initial_attack,initial_attack,reviewer_consensus,accept,initial_attack,accept_initial_supported,"Early low-intensity attack evidence is consistent: fire_age_days=2, acres=326, containment=60, new_acres=0, and no direct growth, intense FIRMS, severe behavior, or personnel surge.",accept,initial_attack,supported_provisional_label,"Accepted initial_attack: fire_age_days=2, acres=326, containment=60%, with no observed escalation signal.",1,0,not_required,,,,JON,Wildfire,OK,OKLAHOMA,35.18,-96.7,2018-03-07,2.0,2018-03-09 19:15:00,2018-03-08 19:30:00,1,"[""9044977""]",[156180],9044977,False,[],2018-03-08,1.0,326.0,326.0,0.0,0.0,valid,60.0,55.0,5.0,10.0,9.0,1.0,0.1111111111111111,valid,5000.0,4000.0,1000.0,1000.0,valid,0.0,Minimal,,,,,,,,,,[],0,0.0,0,,observed_no_detections,9044977,9044977,9044977,9044977,9044977,9044977,,,
taskA::2018_9088700_JIM CREEK::2018-12-23,2018_9088700_JIM CREEK,2018-12-22,2018-12-23,extended_attack,initial_attack,unsupported_backward_transition,reviewer_consensus,0,0,0,0,0,initial_attack,initial_attack,reviewer_consensus,accept,initial_attack,accept_initial_supported,"Early low-intensity attack evidence is consistent: fire_age_days=3, acres=420, containment=79, new_acres=0, and no direct growth, intense FIRMS, severe behavior, or personnel surge.",accept,initial_attack,supported_provisional_label,"Accepted initial_attack: fire_age_days=3, acres=420, containment=79%, with no observed escalation signal.",1,0,not_required,,,,Jim Creek,Wildfire,OK,OKLAHOMA,36.68,-96.73,2018-12-20,3.0,2018-12-23 09:00:00,2018-12-22 09:00:00,1,"[""9088701""]",[157732],9088701,False,[],2018-12-22,1.0,420.0,420.0,0.0,0.0,valid,79.0,60.0,19.0,4.0,4.0,0.0,0.0,valid,17250.0,17000.0,250.0,250.0,valid,0.0,Minimal,Smoldering,,,,,,,,,[],0,0.0,0,,observed_no_detections,9088701,9088701,9088701,9088701,9088701,9088701,9088701,,
taskA::2018_9148542_UPPER MAILBOX::2018-06-18,2018_9148542_UPPER MAILBOX,2018-06-17,2018-06-18,extended_attack,initial_attack,unsupported_backward_transition,reviewer_consensus,0,0,0,0,0,initial_attack,initial_attack,reviewer_consensus,accept,initial_attack,accept_initial_supported,"Early low-intensity attack evidence is consistent: fire_age_days=3, acres=474, containment=50, new_acres=0, and no direct growth, intense FIRMS, severe behavior, or personnel surge.",accept,initial_attack,supported_provisional_label,"Accepted initial_attack: fire_age_days=3, acres=474, containment=50%, with no observed escalation signal.",1,0,not_required,,,,Upper Mailbox,Wildfire,CO,COLORADO,38.21,-108.35,2018-06-15,3.0,2018-06-18 05:00:00,2018-06-17 17:30:00,1,"[""9148566""]",[160011],9148566,False,[],2018-06-17,1.0,474.0,474.0,0.0,0.0,valid,50.0,35.0,15.0,80.75,79.5,1.25,0.015723270440251572,valid,500000.0,500000.0,0.0,0.0,valid,0.0,Minimal,Smoldering,,,,,,,,,[],0,0.0,0,,observed_no_detections,9148566,9148566,9148566,9148566,9148566,9148566,9148566,,
taskA::2018_9208584_GREENWAY (11)::2018-03-31,2018_9208584_GREENWAY (11),2018-03-30,2018-03-31,rapid_escalation,containment,forward_phase_skip,adjudicator,0,0,0,0,0,containment,containment,adjudicator,defer,,defer_unresolved_same_day_conflict,"Same-day core conflict remains in [""cumulative_cost_usd"",""wf_fsr"",""gen_fire_behavior""]; current containment=85, new_acres=262, and personnel=28.5 do not provide a decisive resolution under the frozen policy.",defer,,conflicting_evidence,"Deferred because same_day_core_conflict=True for same_day_conflict_fields=[""cumulative_cost_usd"",""wf_fsr"",""gen_fire_behavior""]; competing same-date reports prevent a defensible independent phase assignment.",0,1,resolve,containment,resolved_containment,"containment=85%, containment_gain=15, new_acres=262, FIRMS count=0, FRP=0; no trusted rapid-growth, intense-FIRMS, or severe-behavior signal contradicts clear control progress.",Greenway (11),Wildfire,FL,FLORIDA,26.03,-81.57,2018-03-21,10.0,2018-03-31 16:00:00,2018-03-31 07:00:00,2,"[""9208708"",""9208598""]","[162592,162593]",9208598,True,"[""cumulative_cost_usd"",""wf_fsr"",""gen_fire_behavior""]",2018-03-30,1.0,17138.0,16876.0,262.0,0.015525005925574781,valid,85.0,70.0,15.0,28.5,38.0,-9.5,-0.25,valid,333358.0,320754.0,12604.0,12604.0,valid,0.0,Minimal,,,,,,,,,,[],0,0.0,0,,observed_no_detections,9208598,9208598,9208598,9208598,9208598,9208598,,,
taskA::2018_9225330_PINE::2018-04-25,2018_9225330_PINE,2018-04-24,2018-04-25,extended_attack,initial_attack,unsupported_backward_transition,reviewer_consensus,0,0,0,0,0,rapid_escalation,initial_attack,reviewer_consensus,correct,initial_attack,correct_to_initial_supported,"Early low-intensity attack evidence is consistent: fire_age_days=3, acres=72, containment=60, new_acres=0, and no direct growth, intense FIRMS, severe behavior, or personnel surge.",correct,initial_attack,temporal_inconsistency,"Corrected provisional_lifecycle_label=rapid_escalation to initial_attack: fire_age_days=3, acres=72, containment=60%, with no observed escalation signal.",1,0,not_required,,,,PINE,Wildfire,FL,FLORIDA,24.67,-81.36,2018-04-22,3.0,2018-04-25 17:00:00,2018-04-25 07:00:00,1,"[""9225416""]",[163234],9225416,False,[],2018-04-24,1.0,72.0,72.0,0.0,0.0,valid,60.0,50.0,10.0,9.0,9.0,0.0,0.0,valid,100000.0,70000.0,30000.0,30000.0,valid,0.0,Moderate,Backing,Creeping,Smoldering,,,,,,,[],0,0.0,0,,observed_no_detections,9225416,9225416,9225416,9225416,9225416,9225416,9225416,9225416,9225416
taskA::2019_10662720_BIG PINEY::2019-04-11,2019_10662720_BIG PINEY,2019-04-10,2019-04-11,extended_attack,initial_attack,unsupported_backward_transition,reviewer_consensus,0,0,0,0,0,initial_attack,initial_attack,reviewer_consensus,accept,initial_attack,accept_initial_supported,"Early low-intensity attack evidence is consistent: fire_age_days=3, acres=307, containment=50, new_acres=0, and no direct growth, intense FIRMS, severe behavior, or personnel surge.",accept,initial_attack,supported_provisional_label,"Accepted initial_attack: fire_age_days=3, acres=307, containment=50%, with no observed escalation signal.",1,0,not_required,,,,Big Piney,Wildfire,MO,MISSOURI,37.809967,-92.004617,2019-04-08,3.0,2019-04-11 16:00:00,2019-04-11 08:00:00,1,"[""10662742""]",[165076],10662742,False,[],2019-04-10,1.0,307.0,307.0,0.0,0.0,valid,50.0,50.0,0.0,4.0,4.0,0.0,0.0,valid,8000.0,8000.0,0.0,0.0,valid,0.0,Minimal,,,,,,,,,,[],0,0.0,0,,observed_no_detections,10662742,10662742,10662742,10662742,10662742,10662742,,,
taskA::2019_10672775_ROBERTS::2019-07-17,2019_10672775_ROBERTS,2019-07-16,2019-07-17,extended_attack,rapid_escalation,unsupported_backward_transition,reviewer_consensus,0,0,0,0,0,rapid_escalation,rapid_escalation,reviewer_consensus,accept,rapid_escalation,accept_rapid_supported,"Rapid escalation is supported by fire_behavior_3=Uphill Runs; matched_behavior_evidence=[""fire_behavior_3:Uphill Runs""] with current containment=0; these are current or backward-looking signals.",accept,rapid_escalation,supported_provisional_label,Accepted rapid_escalation: containment=0% and current escalation evidence is observed: fire_behavior_3=Uphill Runs.,1,0,not_required,,,,Roberts,Wildfire,NM,NEW MEXICO,33.61003,-107.406,2019-07-13,4.0,2019-07-17 16:45:00,2019-07-16 17:00:00,1,"[""10672836""]",[165532],10672836,False,[],2019-07-16,1.0,600.0,600.0,0.0,0.0,valid,0.0,0.0,0.0,81.8,129.25,-47.45,-0.36711798839458415,valid,110000.0,100000.0,10000.0,10000.0,valid,0.0,Moderate,Flanking,Backing,Uphill Runs,,,,,,,"[""fire_behavior_3:Uphill Runs""]",0,0.0,0,,observed_no_detections,10672836,10672836,10672836,10672836,10672836,10672836,10672836,10672836,10672836
taskA::2019_10755614_GURULE::2019-06-22,2019_10755614_GURULE,2019-06-21,2019-06-22,rapid_escalation,containment,forward_phase_skip,reviewer_consensus,0,0,0,0,0,containment,containment,reviewer_consensus,accept,containment,accept_containment_supported,"Containment is supported by containment=80 and containment_gain=20; direct_growth=false, intense_FIRMS=false, and severe_behavior=false.",accept,containment,supported_provisional_label,Accepted containment: containment=80% and containment_gain=20.0; no rapid-growth or intense-FIRMS trigger is observed.,1,0,not_required,,,,Gurule,Wildfire,NM,NEW MEXICO,36.50222,-106.26944,2019-06-07,15.0,2019-06-22 18:00:00,2019-06-21 18:30:00,1,"[""10755855""]",[169705],10755855,False,[],2019-06-21,1.0,2360.0,2360.0,0.0,0.0,valid,80.0,60.0,20.0,23.5,47.5,-24.0,-0.5052631578947369,valid,424000.0,389000.0,35000.0,35000.0,valid,0.0,Minimal,Backing,Creeping,Smoldering,,,,,,,[],0,0.0,0,,observed_no_detections,10755855,10755855,10755855,10755855,10755855,10755855,10755855,10755855,10755855
taskA::2019_10767448_D HILL::2019-09-25,2019_10767448_D HILL,2019-09-24,2019-09-25,extended_attack,initial_attack,unsupported_backward_transition,reviewer_consensus,0,0,0,0,0,initial_attack,initial_attack,reviewer_consensus,accept,initial_attack,accept_initial_supported,"Early low-intensity attack evidence is consistent: fire_age_days=3, acres=478, containment=75, new_acres=0, and no direct growth, intense FIRMS, severe behavior, or personnel surge.",accept,initial_attack,supported_provisional_label,"Accepted initial_attack: fire_age_days=3, acres=478, containment=75%, with no observed escalation signal.",1,0,not_required,,,,D HILL,Wildfire,MT,MONTANA,47.351667,-114.299444,2019-09-22,3.0,2019-09-25 16:30:00,2019-09-24 16:45:00,1,"[""10767529""]",[170218],10767529,False,[],2019-09-24,1.0,478.0,478.0,0.0,0.0,valid,75.0,75.0,0.0,3.0,16.5,-13.5,-0.8181818181818182,valid,10500.0,11000.0,,,negative_revision,0.0,Minimal,Smoldering,,,,,,,,,[],0,0.0,0,,observed_no_detections,10767529,10767529,10767529,10767529,10767529,10767529,10767529,,
taskA::2019_10783036_ALASKA::2019-08-03,2019_10783036_ALASKA,2019-08-02,2019-08-03,extended_attack,initial_attack,unsupported_backward_transition,reviewer_consensus,0,0,0,0,0,rapid_escalation,initial_attack,reviewer_consensus,correct,initial_attack,correct_to_initial_supported,"Early low-intensity attack evidence is consistent: fire_age_days=3, acres=489, containment=65, new_acres=0, and no direct growth, intense FIRMS, severe behavior, or personnel surge.",correct,initial_attack,temporal_inconsistency,"Corrected provisional_lifecycle_label=rapid_escalation to initial_attack: fire_age_days=3, acres=489, containment=65%, with no observed escalation signal.",1,0,not_required,,,,Alaska,Wildfire,UT,UTAH,40.204722,-111.6169,2019-07-31,3.0,2019-08-03 18:30:00,2019-08-02 19:00:00,1,"[""10783216""]",[170997],10783216,False,[],2019-08-02,1.0,489.0,489.0,0.0,0.0,valid,65.0,50.0,15.0,71.0,91.0,-20.0,-0.21978021978021978,valid,680000.0,615000.0,65000.0,65000.0,valid,0.0,Minimal,Smoldering,,,,,,,,,[],0,0.0,0,,observed_no_detections,10783216,10783216,10783216,10783216,10783216,10783216,10783216,,
taskA::2020_11694308_STARR::2020-03-07,2020_11694308_STARR,2020-03-06,2020-03-07,extended_attack,rapid_escalation,unsupported_backward_transition,reviewer_consensus,0,0,0,0,0,rapid_escalation,rapid_escalation,reviewer_consensus,accept,rapid_escalation,accept_rapid_supported,"Rapid escalation is supported by fire_behavior_1=Running; matched_behavior_evidence=[""fire_behavior_1:Running""] with current containment=65; these are current or backward-looking signals.",accept,rapid_escalation,supported_provisional_label,Accepted rapid_escalation: containment=65% and current escalation evidence is observed: fire_behavior_1=Running.,1,0,not_required,,,,STARR,Wildfire,OK,OKLAHOMA,36.26356,-94.80603,2020-03-04,3.0,2020-03-07 12:00:00,2020-03-06 12:00:00,1,"[""11694342""]",[172367],11694342,False,[],2020-03-06,1.0,103.6,103.6,0.0,0.0,valid,65.0,30.0,35.0,1.0,3.0,-2.0,-0.6666666666666666,valid,15000.0,20000.0,,,negative_revision,0.0,Active,Running,,,,,,,,,"[""fire_behavior_1:Running""]",0,0.0,0,,observed_no_detections,11694342,11694342,11694342,11694342,11694342,11694342,11694342,,
taskA::2020_11708309_WINTERHILL ROAD::2020-05-15,2020_11708309_WINTERHILL ROAD,2020-05-14,2020-05-15,extended_attack,initial_attack,unsupported_backward_transition,reviewer_consensus,0,0,0,0,0,rapid_escalation,initial_attack,reviewer_consensus,correct,initial_attack,correct_to_initial_supported,"Early low-intensity attack evidence is consistent: fire_age_days=3, acres=122, containment=70, new_acres=0, and no direct growth, intense FIRMS, severe behavior, or personnel surge.",correct,initial_attack,temporal_inconsistency,"Corrected provisional_lifecycle_label=rapid_escalation to initial_attack: fire_age_days=3, acres=122, containment=70%, with no observed escalation signal.",1,0,not_required,,,,WINTERHILL ROAD,Wildfire,FL,FLORIDA,30.3427778,-85.655,2020-05-12,3.0,2020-05-15 21:39:00,2020-05-15 18:47:00,1,"[""11708310""]",[172957],11708310,False,[],2020-05-14,1.0,122.0,122.0,0.0,0.0,valid,70.0,60.0,10.0,10.0,27.0,-17.0,-0.6296296296296297,valid,66720.63,62756.0,3964.6300000000047,3964.6300000000047,valid,0.0,Moderate,,,,,,,,,,[],0,0.0,0,,observed_no_detections,11708310,11708310,11708310,11708310,11708310,11708310,,,
taskA::2020_11747297_BONITO::2020-08-03,2020_11747297_BONITO,2020-08-02,2020-08-03,extended_attack,initial_attack,unsupported_backward_transition,reviewer_consensus,0,0,0,0,0,initial_attack,initial_attack,reviewer_consensus,accept,initial_attack,accept_initial_supported,"Early low-intensity attack evidence is consistent: fire_age_days=3, acres=47, containment=10, new_acres=0, and no direct growth, intense FIRMS, severe behavior, or personnel surge.",accept,initial_attack,supported_provisional_label,"Accepted initial_attack: fire_age_days=3, acres=47, containment=10%, with no observed escalation signal.",1,0,not_required,,,,Bonito,Wildfire,AZ,ARIZONA,33.74544,-109.6696,2020-07-31,3.0,2020-08-03 20:45:00,2020-08-03 08:00:00,1,"[""11747339""]",[174632],11747339,False,[],2020-08-02,1.0,47.0,47.0,0.0,0.0,valid,10.0,10.0,0.0,54.16666666666666,74.16666666666667,-20.000000000000014,-0.26966292134831477,valid,100000.0,100000.0,0.0,0.0,valid,0.0,Minimal,Smoldering,,,,,,,,,[],0,0.0,0,,observed_no_detections,11747339,11747339,11747339,11747339,11747339,11747339,11747339,,
taskA::2020_11812806_LAKE COMO::2020-09-01,2020_11812806_LAKE COMO,2020-08-31,2020-09-01,extended_attack,initial_attack,unsupported_backward_transition,reviewer_consensus,0,0,0,0,0,initial_attack,initial_attack,reviewer_consensus,accept,initial_attack,accept_initial_supported,"Early low-intensity attack evidence is consistent: fire_age_days=3, acres=23, containment=0, new_acres=0, and no direct growth, intense FIRMS, severe behavior, or personnel surge.",accept,initial_attack,supported_provisional_label,"Accepted initial_attack: fire_age_days=3, acres=23, containment=0%, with no observed escalation signal.",1,0,not_required,,,,Lake Como,Wildfire,MT,MONTANA,46.069833,-114.324,2020-08-29,3.0,2020-09-01 17:00:00,2020-08-31 19:00:00,1,"[""11812842""]",[177207],11812842,False,[],2020-08-31,1.0,23.0,23.0,0.0,0.0,valid,0.0,0.0,0.0,52.0,52.0,0.0,0.0,valid,400000.0,375000.0,25000.0,25000.0,valid,0.0,Minimal,Smoldering,Creeping,,,,,,,,[],0,0.0,0,,observed_no_detections,11812842,11812842,11812842,11812842,11812842,11812842,11812842,11812842,
taskA::2020_11904791_BABB::2020-09-13,2020_11904791_BABB,2020-09-12,2020-09-13,rapid_escalation,containment,forward_phase_skip,reviewer_consensus,0,0,0,0,0,containment,containment,reviewer_consensus,accept,containment,accept_containment_supported,"Containment is supported by containment=90 and containment_gain=40; direct_growth=false, intense_FIRMS=false, and severe_behavior=false.",accept,containment,supported_provisional_label,Accepted containment: containment=90% and containment_gain=40.0; no rapid-growth or intense-FIRMS trigger is observed.,1,0,not_required,,,,BABB,Wildfire,WA,WASHINGTON,47.28209,-117.4273,2020-09-07,6.0,2020-09-13 20:00:00,2020-09-13 08:00:00,1,"[""11904926""]",[180427],11904926,False,[],2020-09-12,1.0,15266.0,15266.0,0.0,0.0,valid,90.0,50.0,40.0,88.5,88.5,0.0,0.0,valid,742324.0,520225.0,222099.0,222099.0,valid,0.0,Minimal,,,,,,,,,,[],0,0.0,0,,observed_no_detections,11904926,11904926,11904926,11904926,11904926,11904926,,,
taskA::2020_11948237_MIDDLE FORK::2020-09-09,2020_11948237_MIDDLE FORK,2020-09-08,2020-09-09,extended_attack,initial_attack,unsupported_backward_transition,reviewer_consensus,0,0,0,0,0,rapid_escalation,initial_attack,reviewer_consensus,correct,initial_attack,correct_to_initial_supported,"Early low-intensity attack evidence is consistent: fire_age_days=3, acres=1, containment=0, new_acres=0, and no direct growth, intense FIRMS, severe behavior, or personnel surge.",correct,initial_attack,temporal_inconsistency,"Corrected provisional_lifecycle_label=rapid_escalation to initial_attack: fire_age_days=3, acres=1, containment=0%, with no observed escalation signal.",1,0,not_required,,,,MIDDLE FORK,Wildfire,CO,COLORADO,40.62834,-106.7956,2020-09-06,3.0,2020-09-09 18:00:00,2020-09-08 18:00:00,1,"[""11948261""]",[181667],11948261,False,[],2020-09-08,1.0,1.0,1.0,0.0,0.0,valid,0.0,0.0,0.0,20.75,16.0,4.75,0.296875,valid,120000.0,100000.0,20000.0,20000.0,valid,0.0,Minimal,Creeping,Smoldering,,,,,,,,[],1,0.95,1,2.1897011449743413,matched_detections,11948261,11948261,11948261,11948261,11948261,11948261,11948261,11948261,
taskA::2020_11950859_SEEPAY RD::2020-09-09,2020_11950859_SEEPAY RD,2020-09-08,2020-09-09,extended_attack,initial_attack,unsupported_backward_transition,reviewer_consensus,0,0,0,0,0,initial_attack,initial_attack,reviewer_consensus,accept,initial_attack,accept_initial_supported,"Early low-intensity attack evidence is consistent: fire_age_days=3, acres=250, containment=60, new_acres=0, and no direct growth, intense FIRMS, severe behavior, or personnel surge.",accept,initial_attack,supported_provisional_label,"Accepted initial_attack: fire_age_days=3, acres=250, containment=60%, with no observed escalation signal.",1,0,not_required,,,,SEEPAY RD,Wildfire,MT,MONTANA,47.3222222,-114.6222222,2020-09-06,3.0,2020-09-09 17:15:00,2020-09-08 17:15:00,1,"[""11950900""]",[181769],11950900,False,[],2020-09-08,1.0,250.0,250.0,0.0,0.0,valid,60.0,60.0,0.0,24.0,37.0,-13.0,-0.35135135135135137,valid,60000.0,55000.0,5000.0,5000.0,valid,0.0,Minimal,Creeping,Smoldering,,,,,,,,[],0,0.0,0,,observed_no_detections,11950900,11950900,11950900,11950900,11950900,11950900,11950900,11950900,
taskA::2020_11954509_SUMNER GRADE::2020-09-11,2020_11954509_SUMNER GRADE,2020-09-10,2020-09-11,extended_attack,rapid_escalation,unsupported_backward_transition,reviewer_consensus,0,0,0,0,0,rapid_escalation,rapid_escalation,reviewer_consensus,accept,rapid_escalation,accept_rapid_supported,"Rapid escalation is supported by fire_behavior_2=Single Tree Torching; matched_behavior_evidence=[""fire_behavior_2:Single Tree Torching""] with current containment=30; these are current or backward-looking signals.",accept,rapid_escalation,supported_provisional_label,Accepted rapid_escalation: containment=30% and current escalation evidence is observed: fire_behavior_2=Single Tree Torching.,1,0,not_required,,,,SUMNER GRADE,Wildfire,WA,WASHINGTON,47.2061111,-122.3469444,2020-09-07,4.0,2020-09-11 16:00:00,2020-09-10 15:00:00,1,"[""11954569""]",[181871],11954569,False,[],2020-09-10,1.0,494.0,494.0,0.0,0.0,valid,30.0,20.0,10.0,65.75,68.5,-2.75,-0.040145985401459854,valid,150000.0,150000.0,0.0,0.0,valid,0.0,Moderate,Smoldering,Single Tree Torching,,,,,,,,"[""fire_behavior_2:Single Tree Torching""]",0,0.0,0,,observed_no_detections,11954569,11954569,11954569,11954569,11954569,11954569,11954569,11954569,
