review_case_id,incident_id,fire_day_date,sequence_adjudication_action,sequence_adjudicated_label,reason_code,rationale,confidence,evidence_fields,previous_final_lifecycle_label,candidate_final_lifecycle_label,sequence_anomaly_type,candidate_label_source
taskA::2017_7147648_YARBOROUGH RIDGE::2017-02-16,2017_7147648_YARBOROUGH RIDGE,2017-02-16,resolve,extended_attack,resolve_hold_extended_after_onset,"Direct current values resemble initial_attack (fire_age_days=3, acres=265, containment=70%, with no trusted escalation signal), but previous=extended_attack shows the incident has already passed onset. With no supported new transition, retain extended_attack.",0.78,evidence_fire_age_days|evidence_acres|evidence_new_acres|evidence_relative_area_growth|evidence_containment|evidence_previous_containment|evidence_containment_gain|evidence_total_personnel|evidence_personnel_delta|evidence_personnel_pct_change|evidence_cost_increment_usd|evidence_average_daily_cost_usd|evidence_cost_interval_status|evidence_wf_fsr|evidence_firms_count_5km|evidence_firms_frp_sum_5km|previous_final_lifecycle_label|current_final_lifecycle_label,extended_attack,initial_attack,unsupported_backward_transition,reviewer_consensus
taskA::2017_7188114_MEYERS::2017-07-18,2017_7188114_MEYERS,2017-07-18,resolve,rapid_escalation,resolve_keep_supported_re_escalation,"Keep candidate=rapid_escalation despite unsupported_backward_transition: previous_final_lifecycle_label=extended_attack and renewed current evidence is fire_behavior_1=Torching; fire_behavior_2=Short-range Spotting. The current evidence supports the phase, so one-step smoothing would overwrite an evidence-based decision.",0.90,evidence_fire_age_days|evidence_acres|evidence_new_acres|evidence_relative_area_growth|evidence_containment|evidence_previous_containment|evidence_containment_gain|evidence_total_personnel|evidence_personnel_delta|evidence_personnel_pct_change|evidence_cost_increment_usd|evidence_average_daily_cost_usd|evidence_cost_interval_status|evidence_wf_fsr|evidence_firms_count_5km|evidence_firms_frp_sum_5km|evidence_fire_behavior_1|evidence_fire_behavior_2|previous_final_lifecycle_label|current_final_lifecycle_label,extended_attack,rapid_escalation,unsupported_backward_transition,reviewer_consensus
taskA::2017_7207253_STEEN RD::2017-04-03,2017_7207253_STEEN RD,2017-04-03,resolve,extended_attack,resolve_hold_extended_after_onset,"Direct current values resemble initial_attack (fire_age_days=2, acres=150, containment=50%, with no trusted escalation signal), but previous=extended_attack shows the incident has already passed onset. With no supported new transition, retain extended_attack.",0.78,evidence_fire_age_days|evidence_acres|evidence_new_acres|evidence_relative_area_growth|evidence_containment|evidence_previous_containment|evidence_containment_gain|evidence_total_personnel|evidence_personnel_delta|evidence_personnel_pct_change|evidence_cost_increment_usd|evidence_average_daily_cost_usd|evidence_cost_interval_status|evidence_wf_fsr|evidence_firms_count_5km|evidence_firms_frp_sum_5km|previous_final_lifecycle_label|current_final_lifecycle_label,extended_attack,initial_attack,unsupported_backward_transition,reviewer_consensus
taskA::2017_7311454_DELANO::2017-08-06,2017_7311454_DELANO,2017-08-06,resolve,containment,resolve_keep_evidence_supported_phase,"Keep candidate=containment despite forward_phase_skip: containment=80%, containment_gain=10, new_acres=0, FIRMS count=0, with no trusted physical escalation. The current evidence supports the phase, so one-step smoothing would overwrite an evidence-based decision.",0.90,evidence_fire_age_days|evidence_acres|evidence_new_acres|evidence_relative_area_growth|evidence_containment|evidence_previous_containment|evidence_containment_gain|evidence_total_personnel|evidence_personnel_delta|evidence_personnel_pct_change|evidence_cost_increment_usd|evidence_average_daily_cost_usd|evidence_cost_interval_status|evidence_wf_fsr|evidence_firms_count_5km|evidence_firms_frp_sum_5km|previous_final_lifecycle_label|current_final_lifecycle_label,rapid_escalation,containment,forward_phase_skip,reviewer_consensus
taskA::2017_7341854_FISHER::2017-04-06,2017_7341854_FISHER,2017-04-06,resolve,extended_attack,resolve_hold_extended_after_onset,"Direct current values resemble initial_attack (fire_age_days=3, acres=100, containment=0%, with no trusted escalation signal), but previous=extended_attack shows the incident has already passed onset. With no supported new transition, retain extended_attack.",0.78,evidence_fire_age_days|evidence_acres|evidence_new_acres|evidence_relative_area_growth|evidence_containment|evidence_previous_containment|evidence_containment_gain|evidence_total_personnel|evidence_personnel_delta|evidence_personnel_pct_change|evidence_cost_increment_usd|evidence_average_daily_cost_usd|evidence_cost_interval_status|evidence_wf_fsr|evidence_firms_count_5km|evidence_firms_frp_sum_5km|previous_final_lifecycle_label|current_final_lifecycle_label,extended_attack,initial_attack,unsupported_backward_transition,reviewer_consensus
taskA::2018_9016927_OLD BLADE LINE (53)::2018-03-27,2018_9016927_OLD BLADE LINE (53),2018-03-27,resolve,extended_attack,resolve_hold_extended_after_onset,"Direct current values resemble initial_attack (fire_age_days=3, acres=450, containment=40%, with no trusted escalation signal), but previous=extended_attack shows the incident has already passed onset. With no supported new transition, retain extended_attack.",0.78,evidence_fire_age_days|evidence_acres|evidence_new_acres|evidence_relative_area_growth|evidence_containment|evidence_previous_containment|evidence_containment_gain|evidence_total_personnel|evidence_personnel_delta|evidence_personnel_pct_change|evidence_cost_increment_usd|evidence_average_daily_cost_usd|evidence_cost_interval_status|evidence_wf_fsr|evidence_firms_count_5km|evidence_firms_frp_sum_5km|previous_final_lifecycle_label|current_final_lifecycle_label,extended_attack,initial_attack,unsupported_backward_transition,reviewer_consensus
taskA::2018_9035697_CLEAR LAKE::2018-03-12,2018_9035697_CLEAR LAKE,2018-03-12,resolve,extended_attack,resolve_hold_extended_after_onset,"Direct current values resemble initial_attack (fire_age_days=3, acres=452, containment=50%, with no trusted escalation signal), but previous=extended_attack shows the incident has already passed onset. With no supported new transition, retain extended_attack.",0.78,evidence_fire_age_days|evidence_acres|evidence_new_acres|evidence_relative_area_growth|evidence_containment|evidence_previous_containment|evidence_containment_gain|evidence_total_personnel|evidence_personnel_delta|evidence_personnel_pct_change|evidence_cost_increment_usd|evidence_average_daily_cost_usd|evidence_cost_interval_status|evidence_wf_fsr|evidence_firms_count_5km|evidence_firms_frp_sum_5km|previous_final_lifecycle_label|current_final_lifecycle_label,extended_attack,initial_attack,unsupported_backward_transition,reviewer_consensus
taskA::2018_9044976_JON::2018-03-09,2018_9044976_JON,2018-03-09,resolve,extended_attack,resolve_hold_extended_after_onset,"Direct current values resemble initial_attack (fire_age_days=2, acres=326, containment=60%, with no trusted escalation signal), but previous=extended_attack shows the incident has already passed onset. With no supported new transition, retain extended_attack.",0.78,evidence_fire_age_days|evidence_acres|evidence_new_acres|evidence_relative_area_growth|evidence_containment|evidence_previous_containment|evidence_containment_gain|evidence_total_personnel|evidence_personnel_delta|evidence_personnel_pct_change|evidence_cost_increment_usd|evidence_average_daily_cost_usd|evidence_cost_interval_status|evidence_wf_fsr|evidence_firms_count_5km|evidence_firms_frp_sum_5km|previous_final_lifecycle_label|current_final_lifecycle_label,extended_attack,initial_attack,unsupported_backward_transition,reviewer_consensus
taskA::2018_9088700_JIM CREEK::2018-12-23,2018_9088700_JIM CREEK,2018-12-23,resolve,extended_attack,resolve_hold_extended_after_onset,"Direct current values resemble initial_attack (fire_age_days=3, acres=420, containment=79%, with no trusted escalation signal), but previous=extended_attack shows the incident has already passed onset. With no supported new transition, retain extended_attack.",0.78,evidence_fire_age_days|evidence_acres|evidence_new_acres|evidence_relative_area_growth|evidence_containment|evidence_previous_containment|evidence_containment_gain|evidence_total_personnel|evidence_personnel_delta|evidence_personnel_pct_change|evidence_cost_increment_usd|evidence_average_daily_cost_usd|evidence_cost_interval_status|evidence_wf_fsr|evidence_firms_count_5km|evidence_firms_frp_sum_5km|previous_final_lifecycle_label|current_final_lifecycle_label,extended_attack,initial_attack,unsupported_backward_transition,reviewer_consensus
taskA::2018_9148542_UPPER MAILBOX::2018-06-18,2018_9148542_UPPER MAILBOX,2018-06-18,resolve,extended_attack,resolve_hold_extended_after_onset,"Direct current values resemble initial_attack (fire_age_days=3, acres=474, containment=50%, with no trusted escalation signal), but previous=extended_attack shows the incident has already passed onset. With no supported new transition, retain extended_attack.",0.78,evidence_fire_age_days|evidence_acres|evidence_new_acres|evidence_relative_area_growth|evidence_containment|evidence_previous_containment|evidence_containment_gain|evidence_total_personnel|evidence_personnel_delta|evidence_personnel_pct_change|evidence_cost_increment_usd|evidence_average_daily_cost_usd|evidence_cost_interval_status|evidence_wf_fsr|evidence_firms_count_5km|evidence_firms_frp_sum_5km|previous_final_lifecycle_label|current_final_lifecycle_label,extended_attack,initial_attack,unsupported_backward_transition,reviewer_consensus
taskA::2018_9208584_GREENWAY (11)::2018-03-31,2018_9208584_GREENWAY (11),2018-03-31,resolve,containment,resolve_keep_evidence_supported_phase,"Keep candidate=containment despite forward_phase_skip: containment=85%, containment_gain=15, new_acres=262, FIRMS count=0, with no trusted physical escalation. The current evidence supports the phase, so one-step smoothing would overwrite an evidence-based decision.",0.90,evidence_fire_age_days|evidence_acres|evidence_new_acres|evidence_relative_area_growth|evidence_containment|evidence_previous_containment|evidence_containment_gain|evidence_total_personnel|evidence_personnel_delta|evidence_personnel_pct_change|evidence_cost_increment_usd|evidence_average_daily_cost_usd|evidence_cost_interval_status|evidence_wf_fsr|evidence_firms_count_5km|evidence_firms_frp_sum_5km|previous_final_lifecycle_label|current_final_lifecycle_label,rapid_escalation,containment,forward_phase_skip,adjudicator
taskA::2018_9225330_PINE::2018-04-25,2018_9225330_PINE,2018-04-25,resolve,extended_attack,resolve_hold_extended_after_onset,"Direct current values resemble initial_attack (fire_age_days=3, acres=72, containment=60%, with no trusted escalation signal), but previous=extended_attack shows the incident has already passed onset. With no supported new transition, retain extended_attack.",0.78,evidence_fire_age_days|evidence_acres|evidence_new_acres|evidence_relative_area_growth|evidence_containment|evidence_previous_containment|evidence_containment_gain|evidence_total_personnel|evidence_personnel_delta|evidence_personnel_pct_change|evidence_cost_increment_usd|evidence_average_daily_cost_usd|evidence_cost_interval_status|evidence_wf_fsr|evidence_firms_count_5km|evidence_firms_frp_sum_5km|previous_final_lifecycle_label|current_final_lifecycle_label,extended_attack,initial_attack,unsupported_backward_transition,reviewer_consensus
taskA::2019_10662720_BIG PINEY::2019-04-11,2019_10662720_BIG PINEY,2019-04-11,resolve,extended_attack,resolve_hold_extended_after_onset,"Direct current values resemble initial_attack (fire_age_days=3, acres=307, containment=50%, with no trusted escalation signal), but previous=extended_attack shows the incident has already passed onset. With no supported new transition, retain extended_attack.",0.78,evidence_fire_age_days|evidence_acres|evidence_new_acres|evidence_relative_area_growth|evidence_containment|evidence_previous_containment|evidence_containment_gain|evidence_total_personnel|evidence_personnel_delta|evidence_personnel_pct_change|evidence_cost_increment_usd|evidence_average_daily_cost_usd|evidence_cost_interval_status|evidence_wf_fsr|evidence_firms_count_5km|evidence_firms_frp_sum_5km|previous_final_lifecycle_label|current_final_lifecycle_label,extended_attack,initial_attack,unsupported_backward_transition,reviewer_consensus
taskA::2019_10672775_ROBERTS::2019-07-17,2019_10672775_ROBERTS,2019-07-17,resolve,rapid_escalation,resolve_keep_supported_re_escalation,"Keep candidate=rapid_escalation despite unsupported_backward_transition: previous_final_lifecycle_label=extended_attack and renewed current evidence is fire_behavior_3=Uphill Runs. The current evidence supports the phase, so one-step smoothing would overwrite an evidence-based decision.",0.90,evidence_fire_age_days|evidence_acres|evidence_new_acres|evidence_relative_area_growth|evidence_containment|evidence_previous_containment|evidence_containment_gain|evidence_total_personnel|evidence_personnel_delta|evidence_personnel_pct_change|evidence_cost_increment_usd|evidence_average_daily_cost_usd|evidence_cost_interval_status|evidence_wf_fsr|evidence_firms_count_5km|evidence_firms_frp_sum_5km|evidence_fire_behavior_3|previous_final_lifecycle_label|current_final_lifecycle_label,extended_attack,rapid_escalation,unsupported_backward_transition,reviewer_consensus
taskA::2019_10755614_GURULE::2019-06-22,2019_10755614_GURULE,2019-06-22,resolve,containment,resolve_keep_evidence_supported_phase,"Keep candidate=containment despite forward_phase_skip: containment=80%, containment_gain=20, new_acres=0, FIRMS count=0, with no trusted physical escalation. The current evidence supports the phase, so one-step smoothing would overwrite an evidence-based decision.",0.90,evidence_fire_age_days|evidence_acres|evidence_new_acres|evidence_relative_area_growth|evidence_containment|evidence_previous_containment|evidence_containment_gain|evidence_total_personnel|evidence_personnel_delta|evidence_personnel_pct_change|evidence_cost_increment_usd|evidence_average_daily_cost_usd|evidence_cost_interval_status|evidence_wf_fsr|evidence_firms_count_5km|evidence_firms_frp_sum_5km|previous_final_lifecycle_label|current_final_lifecycle_label,rapid_escalation,containment,forward_phase_skip,reviewer_consensus
taskA::2019_10767448_D HILL::2019-09-25,2019_10767448_D HILL,2019-09-25,resolve,extended_attack,resolve_hold_extended_after_onset,"Direct current values resemble initial_attack (fire_age_days=3, acres=478, containment=75%, with no trusted escalation signal), but previous=extended_attack shows the incident has already passed onset. With no supported new transition, retain extended_attack.",0.78,evidence_fire_age_days|evidence_acres|evidence_new_acres|evidence_relative_area_growth|evidence_containment|evidence_previous_containment|evidence_containment_gain|evidence_total_personnel|evidence_personnel_delta|evidence_personnel_pct_change|evidence_cost_increment_usd|evidence_average_daily_cost_usd|evidence_cost_interval_status|evidence_wf_fsr|evidence_firms_count_5km|evidence_firms_frp_sum_5km|previous_final_lifecycle_label|current_final_lifecycle_label,extended_attack,initial_attack,unsupported_backward_transition,reviewer_consensus
taskA::2019_10783036_ALASKA::2019-08-03,2019_10783036_ALASKA,2019-08-03,resolve,extended_attack,resolve_hold_extended_after_onset,"Direct current values resemble initial_attack (fire_age_days=3, acres=489, containment=65%, with no trusted escalation signal), but previous=extended_attack shows the incident has already passed onset. With no supported new transition, retain extended_attack.",0.78,evidence_fire_age_days|evidence_acres|evidence_new_acres|evidence_relative_area_growth|evidence_containment|evidence_previous_containment|evidence_containment_gain|evidence_total_personnel|evidence_personnel_delta|evidence_personnel_pct_change|evidence_cost_increment_usd|evidence_average_daily_cost_usd|evidence_cost_interval_status|evidence_wf_fsr|evidence_firms_count_5km|evidence_firms_frp_sum_5km|previous_final_lifecycle_label|current_final_lifecycle_label,extended_attack,initial_attack,unsupported_backward_transition,reviewer_consensus
taskA::2020_11694308_STARR::2020-03-07,2020_11694308_STARR,2020-03-07,resolve,rapid_escalation,resolve_keep_supported_re_escalation,"Keep candidate=rapid_escalation despite unsupported_backward_transition: previous_final_lifecycle_label=extended_attack and renewed current evidence is fire_behavior_1=Running. The current evidence supports the phase, so one-step smoothing would overwrite an evidence-based decision.",0.90,evidence_fire_age_days|evidence_acres|evidence_new_acres|evidence_relative_area_growth|evidence_containment|evidence_previous_containment|evidence_containment_gain|evidence_total_personnel|evidence_personnel_delta|evidence_personnel_pct_change|evidence_cost_increment_usd|evidence_average_daily_cost_usd|evidence_cost_interval_status|evidence_wf_fsr|evidence_firms_count_5km|evidence_firms_frp_sum_5km|evidence_fire_behavior_1|previous_final_lifecycle_label|current_final_lifecycle_label,extended_attack,rapid_escalation,unsupported_backward_transition,reviewer_consensus
taskA::2020_11708309_WINTERHILL ROAD::2020-05-15,2020_11708309_WINTERHILL ROAD,2020-05-15,resolve,extended_attack,resolve_hold_extended_after_onset,"Direct current values resemble initial_attack (fire_age_days=3, acres=122, containment=70%, with no trusted escalation signal), but previous=extended_attack shows the incident has already passed onset. With no supported new transition, retain extended_attack.",0.78,evidence_fire_age_days|evidence_acres|evidence_new_acres|evidence_relative_area_growth|evidence_containment|evidence_previous_containment|evidence_containment_gain|evidence_total_personnel|evidence_personnel_delta|evidence_personnel_pct_change|evidence_cost_increment_usd|evidence_average_daily_cost_usd|evidence_cost_interval_status|evidence_wf_fsr|evidence_firms_count_5km|evidence_firms_frp_sum_5km|previous_final_lifecycle_label|current_final_lifecycle_label,extended_attack,initial_attack,unsupported_backward_transition,reviewer_consensus
taskA::2020_11747297_BONITO::2020-08-03,2020_11747297_BONITO,2020-08-03,resolve,extended_attack,resolve_hold_extended_after_onset,"Direct current values resemble initial_attack (fire_age_days=3, acres=47, containment=10%, with no trusted escalation signal), but previous=extended_attack shows the incident has already passed onset. With no supported new transition, retain extended_attack.",0.78,evidence_fire_age_days|evidence_acres|evidence_new_acres|evidence_relative_area_growth|evidence_containment|evidence_previous_containment|evidence_containment_gain|evidence_total_personnel|evidence_personnel_delta|evidence_personnel_pct_change|evidence_cost_increment_usd|evidence_average_daily_cost_usd|evidence_cost_interval_status|evidence_wf_fsr|evidence_firms_count_5km|evidence_firms_frp_sum_5km|previous_final_lifecycle_label|current_final_lifecycle_label,extended_attack,initial_attack,unsupported_backward_transition,reviewer_consensus
taskA::2020_11812806_LAKE COMO::2020-09-01,2020_11812806_LAKE COMO,2020-09-01,resolve,extended_attack,resolve_hold_extended_after_onset,"Direct current values resemble initial_attack (fire_age_days=3, acres=23, containment=0%, with no trusted escalation signal), but previous=extended_attack shows the incident has already passed onset. With no supported new transition, retain extended_attack.",0.78,evidence_fire_age_days|evidence_acres|evidence_new_acres|evidence_relative_area_growth|evidence_containment|evidence_previous_containment|evidence_containment_gain|evidence_total_personnel|evidence_personnel_delta|evidence_personnel_pct_change|evidence_cost_increment_usd|evidence_average_daily_cost_usd|evidence_cost_interval_status|evidence_wf_fsr|evidence_firms_count_5km|evidence_firms_frp_sum_5km|previous_final_lifecycle_label|current_final_lifecycle_label,extended_attack,initial_attack,unsupported_backward_transition,reviewer_consensus
taskA::2020_11904791_BABB::2020-09-13,2020_11904791_BABB,2020-09-13,resolve,containment,resolve_keep_evidence_supported_phase,"Keep candidate=containment despite forward_phase_skip: containment=90%, containment_gain=40, new_acres=0, FIRMS count=0, with no trusted physical escalation. The current evidence supports the phase, so one-step smoothing would overwrite an evidence-based decision.",0.90,evidence_fire_age_days|evidence_acres|evidence_new_acres|evidence_relative_area_growth|evidence_containment|evidence_previous_containment|evidence_containment_gain|evidence_total_personnel|evidence_personnel_delta|evidence_personnel_pct_change|evidence_cost_increment_usd|evidence_average_daily_cost_usd|evidence_cost_interval_status|evidence_wf_fsr|evidence_firms_count_5km|evidence_firms_frp_sum_5km|previous_final_lifecycle_label|current_final_lifecycle_label,rapid_escalation,containment,forward_phase_skip,reviewer_consensus
taskA::2020_11948237_MIDDLE FORK::2020-09-09,2020_11948237_MIDDLE FORK,2020-09-09,resolve,extended_attack,resolve_hold_extended_after_onset,"Direct current values resemble initial_attack (fire_age_days=3, acres=1, containment=0%, with no trusted escalation signal), but previous=extended_attack shows the incident has already passed onset. With no supported new transition, retain extended_attack.",0.78,evidence_fire_age_days|evidence_acres|evidence_new_acres|evidence_relative_area_growth|evidence_containment|evidence_previous_containment|evidence_containment_gain|evidence_total_personnel|evidence_personnel_delta|evidence_personnel_pct_change|evidence_cost_increment_usd|evidence_average_daily_cost_usd|evidence_cost_interval_status|evidence_wf_fsr|evidence_firms_count_5km|evidence_firms_frp_sum_5km|previous_final_lifecycle_label|current_final_lifecycle_label,extended_attack,initial_attack,unsupported_backward_transition,reviewer_consensus
taskA::2020_11950859_SEEPAY RD::2020-09-09,2020_11950859_SEEPAY RD,2020-09-09,resolve,extended_attack,resolve_hold_extended_after_onset,"Direct current values resemble initial_attack (fire_age_days=3, acres=250, containment=60%, with no trusted escalation signal), but previous=extended_attack shows the incident has already passed onset. With no supported new transition, retain extended_attack.",0.78,evidence_fire_age_days|evidence_acres|evidence_new_acres|evidence_relative_area_growth|evidence_containment|evidence_previous_containment|evidence_containment_gain|evidence_total_personnel|evidence_personnel_delta|evidence_personnel_pct_change|evidence_cost_increment_usd|evidence_average_daily_cost_usd|evidence_cost_interval_status|evidence_wf_fsr|evidence_firms_count_5km|evidence_firms_frp_sum_5km|previous_final_lifecycle_label|current_final_lifecycle_label,extended_attack,initial_attack,unsupported_backward_transition,reviewer_consensus
taskA::2020_11954509_SUMNER GRADE::2020-09-11,2020_11954509_SUMNER GRADE,2020-09-11,resolve,rapid_escalation,resolve_keep_supported_re_escalation,"Keep candidate=rapid_escalation despite unsupported_backward_transition: previous_final_lifecycle_label=extended_attack and renewed current evidence is fire_behavior_2=Single Tree Torching. The current evidence supports the phase, so one-step smoothing would overwrite an evidence-based decision.",0.90,evidence_fire_age_days|evidence_acres|evidence_new_acres|evidence_relative_area_growth|evidence_containment|evidence_previous_containment|evidence_containment_gain|evidence_total_personnel|evidence_personnel_delta|evidence_personnel_pct_change|evidence_cost_increment_usd|evidence_average_daily_cost_usd|evidence_cost_interval_status|evidence_wf_fsr|evidence_firms_count_5km|evidence_firms_frp_sum_5km|evidence_fire_behavior_2|previous_final_lifecycle_label|current_final_lifecycle_label,extended_attack,rapid_escalation,unsupported_backward_transition,reviewer_consensus
